Data;Estagio;Precipitacao;ET0;KC;CAD_Max;FatorF_Estresse;CAD_Estresse;FatorF_Otimizado;CAD_Otimizado
44196;Crescimento;27.40;2.90;0.80;50.00;0.50;25.00;0.40;30.00
44197;Crescimento;0.00;2.60;0.80;50.00;0.50;25.00;0.40;30.00
44198;Crescimento;7.20;3.40;0.80;50.00;0.50;25.00;0.40;30.00
44199;Crescimento;6.40;4.10;0.80;50.00;0.50;25.00;0.40;30.00
44200;Crescimento;0.00;4.10;0.80;50.00;0.50;25.00;0.40;30.00
44201;Crescimento;0.00;4.60;0.80;50.00;0.50;25.00;0.40;30.00
44202;Crescimento;0.00;3.90;0.80;50.00;0.50;25.00;0.40;30.00
44203;Crescimento;2.00;3.80;0.80;50.00;0.50;25.00;0.40;30.00
44204;Crescimento;11.40;3.80;0.80;50.00;0.50;25.00;0.40;30.00
44205;Crescimento;0.00;4.10;0.80;50.00;0.50;25.00;0.40;30.00
44206;Crescimento;6.20;5.10;0.80;50.00;0.50;25.00;0.40;30.00
44207;Crescimento;0.40;1.80;0.80;50.00;0.50;25.00;0.40;30.00
44208;Crescimento;0.20;3.70;0.80;50.00;0.50;25.00;0.40;30.00
44209;Crescimento;3.20;3.00;0.80;50.00;0.50;25.00;0.40;30.00
44210;Crescimento;15.20;4.50;0.80;50.00;0.50;25.00;0.40;30.00
44211;Crescimento;3.00;1.70;0.80;50.00;0.50;25.00;0.40;30.00
44212;Crescimento;1.00;2.60;0.80;50.00;0.50;25.00;0.40;30.00
44213;Crescimento;3.80;3.50;0.80;50.00;0.50;25.00;0.40;30.00
44214;Crescimento;19.20;2.80;0.80;50.00;0.50;25.00;0.40;30.00
44215;Crescimento;21.20;4.10;0.80;50.00;0.50;25.00;0.40;30.00
44216;Crescimento;0.00;4.40;0.80;50.00;0.50;25.00;0.40;30.00
44217;Crescimento;0.00;5.00;0.80;50.00;0.50;25.00;0.40;30.00
44218;Crescimento;0.00;5.00;0.80;50.00;0.50;25.00;0.40;30.00
44219;Crescimento;0.00;4.50;0.80;50.00;0.50;25.00;0.40;30.00
44220;Crescimento;0.00;4.60;0.80;50.00;0.50;25.00;0.40;30.00
44221;Crescimento;0.00;4.50;0.80;50.00;0.50;25.00;0.40;30.00
44222;Crescimento;0.00;4.30;0.80;50.00;0.50;25.00;0.40;30.00
44223;Crescimento;0.00;4.50;0.80;50.00;0.50;25.00;0.40;30.00
44224;Crescimento;0.00;4.40;0.80;50.00;0.50;25.00;0.40;30.00
44225;Crescimento;0.00;3.80;0.80;50.00;0.50;25.00;0.40;30.00
44226;Crescimento;0.00;4.00;0.80;50.00;0.50;25.00;0.40;30.00
44227;Crescimento;7.60;5.00;0.80;50.00;0.50;25.00;0.40;30.00
44228;Crescimento;29.20;3.60;0.80;50.00;0.50;25.00;0.40;30.00
44229;Crescimento;3.60;2.80;0.80;50.00;0.50;25.00;0.40;30.00
44230;Crescimento;34.20;3.70;0.80;50.00;0.50;25.00;0.40;30.00
44231;Crescimento;18.00;3.50;0.80;50.00;0.50;25.00;0.40;30.00
44232;Crescimento;16.00;2.30;0.80;50.00;0.50;25.00;0.40;30.00
44233;Crescimento;3.40;2.10;0.80;50.00;0.50;25.00;0.40;30.00
44234;Crescimento;0.00;2.70;0.80;50.00;0.50;25.00;0.40;30.00
44235;Crescimento;7.80;4.00;0.80;50.00;0.50;25.00;0.40;30.00
44236;Crescimento;0.20;2.40;0.80;50.00;0.50;25.00;0.40;30.00
44237;Crescimento;0.60;4.30;0.80;50.00;0.50;25.00;0.40;30.00
44238;Crescimento;13.00;4.10;0.80;50.00;0.50;25.00;0.40;30.00
44239;Crescimento;3.60;1.60;0.80;50.00;0.50;25.00;0.40;30.00
44240;Crescimento;3.20;1.30;0.80;50.00;0.50;25.00;0.40;30.00
44241;Crescimento;0.00;2.30;0.80;50.00;0.50;25.00;0.40;30.00
44242;Crescimento;5.60;3.70;0.80;50.00;0.50;25.00;0.40;30.00
44243;Crescimento;0.00;2.90;0.80;50.00;0.50;25.00;0.40;30.00
44244;Crescimento;3.40;4.00;0.80;50.00;0.50;25.00;0.40;30.00
44245;Crescimento;0.00;3.00;0.80;50.00;0.50;25.00;0.40;30.00
44246;Crescimento;4.60;4.00;0.80;50.00;0.50;25.00;0.40;30.00
44247;Crescimento;0.00;4.40;0.80;50.00;0.50;25.00;0.40;30.00
44248;Crescimento;0.00;5.00;0.80;50.00;0.50;25.00;0.40;30.00
44249;Crescimento;5.60;3.90;0.80;50.00;0.50;25.00;0.40;30.00
44250;Crescimento;1.00;3.20;0.80;50.00;0.50;25.00;0.40;30.00
44251;Crescimento;6.20;3.60;0.80;50.00;0.50;25.00;0.40;30.00
44252;Crescimento;12.60;3.90;0.80;50.00;0.50;25.00;0.40;30.00
44253;Crescimento;15.20;2.70;0.80;50.00;0.50;25.00;0.40;30.00
44254;Crescimento;6.60;1.40;0.80;50.00;0.50;25.00;0.40;30.00
44255;Crescimento;5.20;2.20;0.80;50.00;0.50;25.00;0.40;30.00
44256;Crescimento;0.00;3.00;0.80;50.00;0.50;25.00;0.40;30.00
44257;Crescimento;0.00;4.00;0.80;50.00;0.50;25.00;0.40;30.00
44258;Crescimento;0.00;3.70;0.80;50.00;0.50;25.00;0.40;30.00
44259;Crescimento;7.40;3.70;0.80;50.00;0.50;25.00;0.40;30.00
44260;Crescimento;10.80;3.80;0.80;50.00;0.50;25.00;0.40;30.00
44261;Crescimento;29.40;2.30;0.80;50.00;0.50;25.00;0.40;30.00
44262;Crescimento;13.40;1.60;0.80;50.00;0.50;25.00;0.40;30.00
44263;Crescimento;4.60;1.40;0.80;50.00;0.50;25.00;0.40;30.00
44264;Crescimento;0.00;2.30;0.80;50.00;0.50;25.00;0.40;30.00
44265;Crescimento;27.20;3.90;0.80;50.00;0.50;25.00;0.40;30.00
44266;Crescimento;0.00;3.80;0.80;50.00;0.50;25.00;0.40;30.00
44267;Crescimento;0.00;3.60;0.80;50.00;0.50;25.00;0.40;30.00
44268;Crescimento;30.80;4.30;0.80;50.00;0.50;25.00;0.40;30.00
44269;Crescimento;0.60;3.70;0.80;50.00;0.50;25.00;0.40;30.00
44270;Crescimento;0.20;2.10;0.80;50.00;0.50;25.00;0.40;30.00
44271;Crescimento;2.00;3.20;0.80;50.00;0.50;25.00;0.40;30.00
44272;Crescimento;0.60;3.40;0.80;50.00;0.50;25.00;0.40;30.00
44273;Crescimento;0.00;3.40;0.80;50.00;0.50;25.00;0.40;30.00
44274;Crescimento;0.00;3.10;0.80;50.00;0.50;25.00;0.40;30.00
44275;Crescimento;0.00;3.40;0.80;50.00;0.50;25.00;0.40;30.00
44276;Crescimento;0.00;4.20;0.80;50.00;0.50;25.00;0.40;30.00
44277;Crescimento;0.00;4.30;0.80;50.00;0.50;25.00;0.40;30.00
44278;Crescimento;0.00;4.10;0.80;50.00;0.50;25.00;0.40;30.00
44279;Crescimento;0.00;4.00;0.80;50.00;0.50;25.00;0.40;30.00
44280;Crescimento;0.00;4.30;0.80;50.00;0.50;25.00;0.40;30.00
44281;Crescimento;0.80;4.10;0.80;50.00;0.50;25.00;0.40;30.00
44282;Crescimento;21.00;3.60;0.80;50.00;0.50;25.00;0.40;30.00
44283;Crescimento;2.00;4.10;0.80;50.00;0.50;25.00;0.40;30.00
44284;Crescimento;9.00;2.70;0.80;50.00;0.50;25.00;0.40;30.00
44285;Crescimento;0.00;3.60;0.80;50.00;0.50;25.00;0.40;30.00
44286;Crescimento;0.00;3.60;0.80;50.00;0.50;25.00;0.40;30.00
44287;Crescimento;0.00;3.50;0.80;50.00;0.50;25.00;0.40;30.00
44288;Crescimento;0.00;3.20;0.80;50.00;0.50;25.00;0.40;30.00
44289;Crescimento;0.00;3.50;0.80;50.00;0.50;25.00;0.40;30.00
44290;Crescimento;0.60;3.80;0.80;50.00;0.50;25.00;0.40;30.00
44291;Crescimento;0.00;3.40;0.80;50.00;0.50;25.00;0.40;30.00
44292;Crescimento;8.20;3.50;0.80;50.00;0.50;25.00;0.40;30.00
44293;Crescimento;0.00;1.10;0.80;50.00;0.50;25.00;0.40;30.00
44294;Crescimento;0.00;3.30;0.80;50.00;0.50;25.00;0.40;30.00
44295;Crescimento;0.00;3.50;0.80;50.00;0.50;25.00;0.40;30.00
44296;Crescimento;0.00;3.90;0.80;50.00;0.50;25.00;0.40;30.00
44297;Crescimento;0.00;3.90;0.80;50.00;0.50;25.00;0.40;30.00
44298;Crescimento;0.00;4.00;0.80;50.00;0.50;25.00;0.40;30.00
44299;Crescimento;0.00;4.00;0.80;50.00;0.50;25.00;0.40;30.00
44300;Crescimento;0.00;3.40;0.80;50.00;0.50;25.00;0.40;30.00
44301;Crescimento;0.00;2.30;0.80;50.00;0.50;25.00;0.40;30.00
44302;Crescimento;2.00;3.70;0.80;50.00;0.50;25.00;0.40;30.00
44303;Crescimento;0.00;2.80;0.80;50.00;0.50;25.00;0.40;30.00
44304;Crescimento;9.20;1.90;0.80;50.00;0.50;25.00;0.40;30.00
44305;Crescimento;0.00;2.20;0.80;50.00;0.50;25.00;0.40;30.00
44306;Crescimento;0.20;2.80;0.80;50.00;0.50;25.00;0.40;30.00
44307;Crescimento;0.00;3.30;0.80;50.00;0.50;25.00;0.40;30.00
44308;Crescimento;0.00;3.70;0.80;50.00;0.50;25.00;0.40;30.00
44309;Crescimento;0.00;3.60;0.80;50.00;0.50;25.00;0.40;30.00
44310;Crescimento;0.00;3.50;0.80;50.00;0.50;25.00;0.40;30.00
44311;Crescimento;0.00;3.60;0.80;50.00;0.50;25.00;0.40;30.00
44312;Crescimento;0.00;3.50;0.80;50.00;0.50;25.00;0.40;30.00
44313;Crescimento;0.00;2.80;0.80;50.00;0.50;25.00;0.40;30.00
44314;Crescimento;0.00;2.90;0.80;50.00;0.50;25.00;0.40;30.00
44315;Crescimento;0.00;3.30;0.80;50.00;0.50;25.00;0.40;30.00
44316;Crescimento;0.00;3.00;0.80;50.00;0.50;25.00;0.40;30.00
44317;Crescimento;0.00;3.30;0.80;50.00;0.50;25.00;0.40;30.00
44318;Crescimento;0.00;2.00;0.80;50.00;0.50;25.00;0.40;30.00
44319;Crescimento;0.00;3.30;0.80;50.00;0.50;25.00;0.40;30.00
44320;Crescimento;0.00;3.40;0.80;50.00;0.50;25.00;0.40;30.00
44321;Crescimento;0.00;3.30;0.80;50.00;0.50;25.00;0.40;30.00
44322;Crescimento;0.00;3.40;0.80;50.00;0.50;25.00;0.40;30.00
44323;Crescimento;0.00;2.70;0.80;50.00;0.50;25.00;0.40;30.00
44324;Crescimento;0.00;2.90;0.80;50.00;0.50;25.00;0.40;30.00
44325;Crescimento;0.00;2.70;0.80;50.00;0.50;25.00;0.40;30.00
44326;Crescimento;0.00;2.80;0.80;50.00;0.50;25.00;0.40;30.00
44327;Crescimento;0.00;2.60;0.80;50.00;0.50;25.00;0.40;30.00
44328;Crescimento;0.00;3.10;0.80;50.00;0.50;25.00;0.40;30.00
44329;Crescimento;0.00;2.50;0.80;50.00;0.50;25.00;0.40;30.00
44330;Crescimento;0.00;2.10;0.80;50.00;0.50;25.00;0.40;30.00
44331;Crescimento;3.80;2.30;0.80;50.00;0.50;25.00;0.40;30.00
44332;Crescimento;0.00;1.50;0.80;50.00;0.50;25.00;0.40;30.00
44333;Crescimento;0.00;2.80;0.80;50.00;0.50;25.00;0.40;30.00
44334;Crescimento;0.00;2.90;0.80;50.00;0.50;25.00;0.40;30.00
44335;Crescimento;0.00;2.60;0.80;50.00;0.50;25.00;0.40;30.00
44336;Crescimento;0.00;2.90;0.80;50.00;0.50;25.00;0.40;30.00
44337;Crescimento;0.00;3.00;0.80;50.00;0.50;25.00;0.40;30.00
44338;Crescimento;13.00;2.80;0.80;50.00;0.50;25.00;0.40;30.00
44339;Crescimento;0.00;2.10;0.80;50.00;0.50;25.00;0.40;30.00
44340;Crescimento;0.20;1.50;0.80;50.00;0.50;25.00;0.40;30.00
44341;Crescimento;0.00;2.70;0.80;50.00;0.50;25.00;0.40;30.00
44342;Crescimento;0.00;2.80;0.80;50.00;0.50;25.00;0.40;30.00
44343;Crescimento;0.00;2.70;0.80;50.00;0.50;25.00;0.40;30.00
44344;Crescimento;1.20;2.60;0.80;50.00;0.50;25.00;0.40;30.00
44345;Crescimento;0.60;2.40;0.80;50.00;0.50;25.00;0.40;30.00
44346;Crescimento;0.00;2.30;0.80;50.00;0.50;25.00;0.40;30.00
44347;Crescimento;0.00;1.80;0.80;50.00;0.50;25.00;0.40;30.00
44348;Crescimento;0.00;1.30;0.80;50.00;0.50;25.00;0.40;30.00
44349;Crescimento;12.40;2.20;0.80;50.00;0.50;25.00;0.40;30.00
44350;Crescimento;0.00;2.30;0.80;50.00;0.50;25.00;0.40;30.00
44351;Crescimento;0.00;2.80;0.80;50.00;0.50;25.00;0.40;30.00
44352;Crescimento;0.00;2.80;0.80;50.00;0.50;25.00;0.40;30.00
44353;Crescimento;0.00;2.60;0.80;50.00;0.50;25.00;0.40;30.00
44354;Crescimento;0.00;2.10;0.80;50.00;0.50;25.00;0.40;30.00
44355;Crescimento;0.00;2.20;0.80;50.00;0.50;25.00;0.40;30.00
44356;Crescimento;0.00;2.30;0.80;50.00;0.50;25.00;0.40;30.00
44357;Crescimento;4.00;1.40;0.80;50.00;0.50;25.00;0.40;30.00
44358;Crescimento;14.00;2.20;0.80;50.00;0.50;25.00;0.40;30.00
44359;Crescimento;0.00;0.80;0.80;50.00;0.50;25.00;0.40;30.00
44360;Crescimento;0.00;2.60;0.80;50.00;0.50;25.00;0.40;30.00
44361;Crescimento;0.00;2.70;0.80;50.00;0.50;25.00;0.40;30.00
44362;Crescimento;0.00;2.50;0.80;50.00;0.50;25.00;0.40;30.00
44363;Crescimento;0.00;2.40;0.80;50.00;0.50;25.00;0.40;30.00
44364;Crescimento;0.00;2.60;0.80;50.00;0.50;25.00;0.40;30.00
44365;Crescimento;0.00;2.60;0.80;50.00;0.50;25.00;0.40;30.00
44366;Crescimento;0.00;2.50;0.80;50.00;0.50;25.00;0.40;30.00
44367;Crescimento;0.00;2.60;0.80;50.00;0.50;25.00;0.40;30.00
44368;Crescimento;0.00;2.50;0.80;50.00;0.50;25.00;0.40;30.00
44369;Crescimento;0.00;2.70;0.80;50.00;0.50;25.00;0.40;30.00
44370;Crescimento;0.00;1.80;0.80;50.00;0.50;25.00;0.40;30.00
44371;Crescimento;0.00;2.40;0.80;50.00;0.50;25.00;0.40;30.00
44372;Crescimento;0.00;2.60;0.80;50.00;0.50;25.00;0.40;30.00
44373;Crescimento;0.00;2.60;0.80;50.00;0.50;25.00;0.40;30.00
44374;Crescimento;0.00;2.60;0.80;50.00;0.50;25.00;0.40;30.00
44375;Crescimento;0.00;2.70;0.80;50.00;0.50;25.00;0.40;30.00
44376;Crescimento;0.20;2.60;0.80;50.00;0.50;25.00;0.40;30.00
44379;Crescimento;0.00;2.60;0.80;50.00;0.50;25.00;0.40;30.00
44380;Crescimento;0.00;2.60;0.80;50.00;0.50;25.00;0.40;30.00
44381;Crescimento;0.00;2.60;0.80;50.00;0.50;25.00;0.40;30.00
44382;Crescimento;0.00;2.60;0.80;50.00;0.50;25.00;0.40;30.00
44383;Crescimento;0.00;2.50;0.80;50.00;0.50;25.00;0.40;30.00
44384;Crescimento;0.00;2.60;0.80;50.00;0.50;25.00;0.40;30.00
44385;Crescimento;0.00;2.60;0.80;50.00;0.50;25.00;0.40;30.00
44386;Crescimento;0.00;2.70;0.80;50.00;0.50;25.00;0.40;30.00
44387;Crescimento;0.00;2.70;0.80;50.00;0.50;25.00;0.40;30.00
44388;Crescimento;0.00;2.60;0.80;50.00;0.50;25.00;0.40;30.00
44389;Crescimento;0.00;2.70;0.80;50.00;0.50;25.00;0.40;30.00
44390;Crescimento;0.00;2.70;0.80;50.00;0.50;25.00;0.40;30.00
44391;Crescimento;0.00;2.80;0.80;50.00;0.50;25.00;0.40;30.00
44392;Crescimento;0.00;2.70;0.80;50.00;0.50;25.00;0.40;30.00
44393;Crescimento;0.00;2.80;0.80;50.00;0.50;25.00;0.40;30.00
44394;Crescimento;0.00;2.70;0.80;50.00;0.50;25.00;0.40;30.00
44395;Crescimento;0.00;2.70;0.80;50.00;0.50;25.00;0.40;30.00
44398;Crescimento;0.00;2.70;0.80;50.00;0.50;25.00;0.40;30.00
44399;Crescimento;0.00;2.60;0.80;50.00;0.50;25.00;0.40;30.00
44400;Crescimento;0.00;2.80;0.80;50.00;0.50;25.00;0.40;30.00
44401;Crescimento;0.00;2.90;0.80;50.00;0.50;25.00;0.40;30.00
44402;Crescimento;0.00;2.90;0.80;50.00;0.50;25.00;0.40;30.00
44403;Crescimento;0.00;2.90;0.80;50.00;0.50;25.00;0.40;30.00
44404;Crescimento;0.00;3.00;0.80;50.00;0.50;25.00;0.40;30.00
44405;Crescimento;0.40;2.80;0.80;50.00;0.50;25.00;0.40;30.00
44409;Crescimento;0.00;2.80;0.80;50.00;0.50;25.00;0.40;30.00
44410;Crescimento;0.00;2.70;0.80;50.00;0.50;25.00;0.40;30.00
44411;Crescimento;0.00;2.90;0.80;50.00;0.50;25.00;0.40;30.00
44412;Crescimento;0.00;2.80;0.80;50.00;0.50;25.00;0.40;30.00
44413;Crescimento;0.00;2.70;0.80;50.00;0.50;25.00;0.40;30.00
44414;Crescimento;0.00;2.60;0.80;50.00;0.50;25.00;0.40;30.00
44415;Crescimento;0.00;2.60;0.80;50.00;0.50;25.00;0.40;30.00
44416;Crescimento;0.00;2.60;0.80;50.00;0.50;25.00;0.40;30.00
44417;Crescimento;0.00;3.10;0.80;50.00;0.50;25.00;0.40;30.00
44418;Crescimento;0.00;2.70;0.80;50.00;0.50;25.00;0.40;30.00
44419;Crescimento;0.00;3.00;0.80;50.00;0.50;25.00;0.40;30.00
44420;Crescimento;0.00;3.30;0.80;50.00;0.50;25.00;0.40;30.00
44421;Crescimento;0.00;2.80;0.80;50.00;0.50;25.00;0.40;30.00
44422;Crescimento;0.00;3.00;0.80;50.00;0.50;25.00;0.40;30.00
44423;Crescimento;0.00;3.10;0.80;50.00;0.50;25.00;0.40;30.00
44424;Crescimento;0.00;3.00;0.80;50.00;0.50;25.00;0.40;30.00
44425;Crescimento;0.40;2.70;0.80;50.00;0.50;25.00;0.40;30.00
44426;Crescimento;0.00;3.20;0.80;50.00;0.50;25.00;0.40;30.00
44427;Crescimento;0.00;3.40;0.80;50.00;0.50;25.00;0.40;30.00
44428;Crescimento;0.00;3.50;0.80;50.00;0.50;25.00;0.40;30.00
44429;Crescimento;0.00;3.50;0.80;50.00;0.50;25.00;0.40;30.00
44430;Crescimento;0.00;3.50;0.80;50.00;0.50;25.00;0.40;30.00
44431;Crescimento;0.00;3.50;0.80;50.00;0.50;25.00;0.40;30.00
44432;Crescimento;0.00;3.20;0.80;50.00;0.50;25.00;0.40;30.00
44433;Crescimento;0.00;3.00;0.80;50.00;0.50;25.00;0.40;30.00
44434;Crescimento;0.00;3.40;0.80;50.00;0.50;25.00;0.40;30.00
44435;Crescimento;0.00;3.20;0.80;50.00;0.50;25.00;0.40;30.00
44436;Crescimento;0.00;2.90;0.80;50.00;0.50;25.00;0.40;30.00
44437;Crescimento;0.00;2.40;0.80;50.00;0.50;25.00;0.40;30.00
44438;Crescimento;0.00;1.90;0.80;50.00;0.50;25.00;0.40;30.00
44439;Crescimento;0.00;2.60;0.80;50.00;0.50;25.00;0.40;30.00
44440;Crescimento;0.00;3.50;0.80;50.00;0.50;25.00;0.40;30.00
44441;Crescimento;0.00;3.60;0.80;50.00;0.50;25.00;0.40;30.00
44442;Crescimento;0.00;3.10;0.80;50.00;0.50;25.00;0.40;30.00
44443;Crescimento;0.00;3.40;0.80;50.00;0.50;25.00;0.40;30.00
44444;Crescimento;0.00;3.50;0.80;50.00;0.50;25.00;0.40;30.00
44445;Crescimento;0.00;3.40;0.80;50.00;0.50;25.00;0.40;30.00
44446;Crescimento;0.00;3.90;0.80;50.00;0.50;25.00;0.40;30.00
44447;Crescimento;0.00;3.30;0.80;50.00;0.50;25.00;0.40;30.00
44448;Crescimento;0.40;3.40;0.80;50.00;0.50;25.00;0.40;30.00
44449;Crescimento;1.80;2.40;0.80;50.00;0.50;25.00;0.40;30.00
44450;Crescimento;6.20;2.50;0.80;50.00;0.50;25.00;0.40;30.00
44451;Crescimento;0.00;2.90;0.80;50.00;0.50;25.00;0.40;30.00
44452;Crescimento;0.00;3.70;0.80;50.00;0.50;25.00;0.40;30.00
44453;Crescimento;0.00;2.90;0.80;50.00;0.50;25.00;0.40;30.00
44454;Crescimento;0.00;3.60;0.80;50.00;0.50;25.00;0.40;30.00
44455;Crescimento;0.00;1.70;0.80;50.00;0.50;25.00;0.40;30.00
44456;Crescimento;0.00;3.40;0.80;50.00;0.50;25.00;0.40;30.00
44457;Crescimento;0.00;3.90;0.80;50.00;0.50;25.00;0.40;30.00
44458;Crescimento;0.00;4.10;0.80;50.00;0.50;25.00;0.40;30.00
44459;Crescimento;0.00;4.00;0.80;50.00;0.50;25.00;0.40;30.00
44460;Crescimento;0.00;3.70;0.80;50.00;0.50;25.00;0.40;30.00
44461;Crescimento;0.00;0.40;0.80;50.00;0.50;25.00;0.40;30.00
44462;Crescimento;0.00;3.90;0.80;50.00;0.50;25.00;0.40;30.00
44463;Crescimento;0.00;3.90;0.80;50.00;0.50;25.00;0.40;30.00
44464;Crescimento;0.00;4.00;0.80;50.00;0.50;25.00;0.40;30.00
44465;Crescimento;15.20;3.80;0.80;50.00;0.50;25.00;0.40;30.00
44466;Crescimento;5.80;3.50;0.80;50.00;0.50;25.00;0.40;30.00
44467;Crescimento;0.00;4.10;0.80;50.00;0.50;25.00;0.40;30.00
44468;Crescimento;0.00;4.70;0.80;50.00;0.50;25.00;0.40;30.00
44469;Crescimento;0.00;4.00;0.80;50.00;0.50;25.00;0.40;30.00
44470;Crescimento;0.20;4.00;0.80;50.00;0.50;25.00;0.40;30.00
44471;Crescimento;2.40;3.60;0.80;50.00;0.50;25.00;0.40;30.00
44472;Crescimento;0.00;3.30;0.80;50.00;0.50;25.00;0.40;30.00
44473;Crescimento;16.60;2.60;0.80;50.00;0.50;25.00;0.40;30.00
44474;Crescimento;3.20;2.70;0.80;50.00;0.50;25.00;0.40;30.00
44475;Crescimento;0.00;3.30;0.80;50.00;0.50;25.00;0.40;30.00
44476;Crescimento;8.40;3.50;0.80;50.00;0.50;25.00;0.40;30.00
44477;Crescimento;7.80;0.70;0.80;50.00;0.50;25.00;0.40;30.00
44478;Crescimento;18.80;2.80;0.80;50.00;0.50;25.00;0.40;30.00
44479;Crescimento;27.40;3.20;0.80;50.00;0.50;25.00;0.40;30.00
44480;Crescimento;2.40;1.30;0.80;50.00;0.50;25.00;0.40;30.00
44481;Crescimento;0.00;2.70;0.80;50.00;0.50;25.00;0.40;30.00
44482;Crescimento;0.00;3.80;0.80;50.00;0.50;25.00;0.40;30.00
44483;Crescimento;5.00;3.80;0.80;50.00;0.50;25.00;0.40;30.00
44484;Crescimento;0.00;2.40;0.80;50.00;0.50;25.00;0.40;30.00
44485;Crescimento;20.60;3.00;0.80;50.00;0.50;25.00;0.40;30.00
44486;Crescimento;1.00;2.80;0.80;50.00;0.50;25.00;0.40;30.00
44487;Crescimento;12.80;3.60;0.80;50.00;0.50;25.00;0.40;30.00
44488;Crescimento;10.60;2.20;0.80;50.00;0.50;25.00;0.40;30.00
44489;Crescimento;11.40;2.00;0.80;50.00;0.50;25.00;0.40;30.00
44490;Crescimento;0.20;1.90;0.80;50.00;0.50;25.00;0.40;30.00
44491;Crescimento;0.00;3.40;0.80;50.00;0.50;25.00;0.40;30.00
44492;Crescimento;0.00;4.30;0.80;50.00;0.50;25.00;0.40;30.00
44493;Crescimento;0.00;4.70;0.80;50.00;0.50;25.00;0.40;30.00
44494;Crescimento;0.00;1.40;0.80;50.00;0.50;25.00;0.40;30.00
44495;Crescimento;2.00;3.30;0.80;50.00;0.50;25.00;0.40;30.00
44496;Crescimento;28.80;3.70;0.80;50.00;0.50;25.00;0.40;30.00
44497;Crescimento;23.00;3.00;0.80;50.00;0.50;25.00;0.40;30.00
44498;Crescimento;0.00;3.30;0.80;50.00;0.50;25.00;0.40;30.00
44499;Crescimento;5.00;4.10;0.80;50.00;0.50;25.00;0.40;30.00
44500;Crescimento;39.40;3.90;0.80;50.00;0.50;25.00;0.40;30.00
44501;Crescimento;37.40;0.60;0.80;50.00;0.50;25.00;0.40;30.00
44502;Crescimento;0.20;2.90;0.80;50.00;0.50;25.00;0.40;30.00
44503;Crescimento;0.00;4.10;0.80;50.00;0.50;25.00;0.40;30.00
44504;Crescimento;0.00;4.40;0.80;50.00;0.50;25.00;0.40;30.00
44505;Crescimento;0.00;5.20;0.80;50.00;0.50;25.00;0.40;30.00
44506;Crescimento;0.00;4.30;0.80;50.00;0.50;25.00;0.40;30.00
44507;Crescimento;0.00;4.80;0.80;50.00;0.50;25.00;0.40;30.00
44508;Crescimento;0.00;5.00;0.80;50.00;0.50;25.00;0.40;30.00
44509;Crescimento;11.00;5.10;0.80;50.00;0.50;25.00;0.40;30.00
44510;Crescimento;0.00;4.10;0.80;50.00;0.50;25.00;0.40;30.00
44511;Crescimento;29.20;3.40;0.80;50.00;0.50;25.00;0.40;30.00
44512;Crescimento;1.40;1.90;0.80;50.00;0.50;25.00;0.40;30.00
44513;Crescimento;0.00;2.20;0.80;50.00;0.50;25.00;0.40;30.00
44514;Crescimento;0.00;4.10;0.80;50.00;0.50;25.00;0.40;30.00
44515;Crescimento;0.00;4.20;0.80;50.00;0.50;25.00;0.40;30.00
44516;Crescimento;0.00;4.30;0.80;50.00;0.50;25.00;0.40;30.00
44517;Crescimento;0.00;4.70;0.80;50.00;0.50;25.00;0.40;30.00
44523;Crescimento;0.00;5.30;0.80;50.00;0.50;25.00;0.40;30.00
44524;Crescimento;0.00;5.00;0.80;50.00;0.50;25.00;0.40;30.00
44525;Crescimento;0.00;4.30;0.80;50.00;0.50;25.00;0.40;30.00
44526;Crescimento;49.40;3.80;0.80;50.00;0.50;25.00;0.40;30.00
44527;Crescimento;23.20;1.10;0.80;50.00;0.50;25.00;0.40;30.00
44528;Crescimento;0.00;3.70;0.80;50.00;0.50;25.00;0.40;30.00
44529;Crescimento;0.00;5.00;0.80;50.00;0.50;25.00;0.40;30.00
44530;Crescimento;10.80;4.00;0.80;50.00;0.50;25.00;0.40;30.00
44531;Crescimento;0.20;2.40;0.80;50.00;0.50;25.00;0.40;30.00
44532;Crescimento;0.00;3.90;0.80;50.00;0.50;25.00;0.40;30.00
44533;Crescimento;0.20;4.50;0.80;50.00;0.50;25.00;0.40;30.00
44534;Crescimento;0.00;3.90;0.80;50.00;0.50;25.00;0.40;30.00
44535;Crescimento;14.60;4.70;0.80;50.00;0.50;25.00;0.40;30.00
44536;Crescimento;8.40;1.90;0.80;50.00;0.50;25.00;0.40;30.00
44537;Crescimento;0.20;3.10;0.80;50.00;0.50;25.00;0.40;30.00
44538;Crescimento;37.60;3.30;0.80;50.00;0.50;25.00;0.40;30.00
44539;Crescimento;0.00;3.30;0.80;50.00;0.50;25.00;0.40;30.00
44540;Crescimento;0.00;5.10;0.80;50.00;0.50;25.00;0.40;30.00
44541;Crescimento;0.00;4.80;0.80;50.00;0.50;25.00;0.40;30.00
44542;Crescimento;0.00;4.40;0.80;50.00;0.50;25.00;0.40;30.00
44543;Crescimento;0.60;3.40;0.80;50.00;0.50;25.00;0.40;30.00
44544;Crescimento;11.60;2.40;0.80;50.00;0.50;25.00;0.40;30.00
44545;Crescimento;26.00;3.00;0.80;50.00;0.50;25.00;0.40;30.00
44546;Crescimento;0.80;1.40;0.80;50.00;0.50;25.00;0.40;30.00
44547;Crescimento;2.80;3.20;0.80;50.00;0.50;25.00;0.40;30.00
44548;Crescimento;7.20;1.90;0.80;50.00;0.50;25.00;0.40;30.00
44549;Crescimento;0.20;1.90;0.80;50.00;0.50;25.00;0.40;30.00
44550;Crescimento;0.00;4.30;0.80;50.00;0.50;25.00;0.40;30.00
44551;Crescimento;0.00;4.50;0.80;50.00;0.50;25.00;0.40;30.00
44552;Crescimento;7.60;4.50;0.80;50.00;0.50;25.00;0.40;30.00
44553;Crescimento;2.20;4.30;0.80;50.00;0.50;25.00;0.40;30.00
44554;Crescimento;0.00;2.70;0.80;50.00;0.50;25.00;0.40;30.00
44555;Crescimento;0.00;4.50;0.80;50.00;0.50;25.00;0.40;30.00
44556;Crescimento;26.40;4.80;0.80;50.00;0.50;25.00;0.40;30.00
44557;Crescimento;1.80;3.50;0.80;50.00;0.50;25.00;0.40;30.00
44558;Crescimento;20.20;4.90;0.80;50.00;0.50;25.00;0.40;30.00
44559;Crescimento;31.60;2.90;0.80;50.00;0.50;25.00;0.40;30.00
44560;Crescimento;89.40;2.40;0.80;50.00;0.50;25.00;0.40;30.00
44562;Expansao;11.40;2.20;1.20;75.00;0.50;37.50;0.30;52.50
44563;Expansao;23.80;2.70;1.20;75.00;0.50;37.50;0.30;52.50
44564;Expansao;3.60;2.80;1.20;75.00;0.50;37.50;0.30;52.50
44565;Expansao;11.80;3.30;1.20;75.00;0.50;37.50;0.30;52.50
44566;Expansao;3.00;3.00;1.20;75.00;0.50;37.50;0.30;52.50
44567;Expansao;13.40;2.50;1.20;75.00;0.50;37.50;0.30;52.50
44568;Expansao;21.20;1.50;1.20;75.00;0.50;37.50;0.30;52.50
44569;Expansao;0.20;1.50;1.20;75.00;0.50;37.50;0.30;52.50
44570;Expansao;21.60;3.10;1.20;75.00;0.50;37.50;0.30;52.50
44571;Expansao;1.60;1.80;1.20;75.00;0.50;37.50;0.30;52.50
44572;Expansao;0.60;1.90;1.20;75.00;0.50;37.50;0.30;52.50
44573;Expansao;0.40;2.70;1.20;75.00;0.50;37.50;0.30;52.50
44574;Expansao;0.00;2.60;1.20;75.00;0.50;37.50;0.30;52.50
44575;Expansao;0.00;4.30;1.20;75.00;0.50;37.50;0.30;52.50
44576;Expansao;0.00;4.30;1.20;75.00;0.50;37.50;0.30;52.50
44577;Expansao;0.40;4.30;1.20;75.00;0.50;37.50;0.30;52.50
44578;Expansao;29.40;1.90;1.20;75.00;0.50;37.50;0.30;52.50
44579;Expansao;1.60;3.60;1.20;75.00;0.50;37.50;0.30;52.50
44580;Expansao;12.40;3.20;1.20;75.00;0.50;37.50;0.30;52.50
44581;Expansao;0.00;3.20;1.20;75.00;0.50;37.50;0.30;52.50
44582;Expansao;0.00;4.10;1.20;75.00;0.50;37.50;0.30;52.50
44583;Expansao;2.40;4.20;1.20;75.00;0.50;37.50;0.30;52.50
44584;Expansao;2.80;3.90;1.20;75.00;0.50;37.50;0.30;52.50
44585;Expansao;3.60;3.80;1.20;75.00;0.50;37.50;0.30;52.50
44586;Expansao;42.00;3.90;1.20;75.00;0.50;37.50;0.30;52.50
44587;Expansao;30.60;3.50;1.20;75.00;0.50;37.50;0.30;52.50
44588;Expansao;1.80;3.40;1.20;75.00;0.50;37.50;0.30;52.50
44589;Expansao;8.20;3.50;1.20;75.00;0.50;37.50;0.30;52.50
44590;Expansao;19.60;3.60;1.20;75.00;0.50;37.50;0.30;52.50
44591;Expansao;22.60;1.60;1.20;75.00;0.50;37.50;0.30;52.50
44592;Expansao;56.40;1.30;1.20;75.00;0.50;37.50;0.30;52.50
44593;Expansao;8.00;2.10;1.20;75.00;0.50;37.50;0.30;52.50
44594;Expansao;15.60;1.90;1.20;75.00;0.50;37.50;0.30;52.50
44595;Expansao;9.40;2.20;1.20;75.00;0.50;37.50;0.30;52.50
44596;Expansao;0.40;3.00;1.20;75.00;0.50;37.50;0.30;52.50
44597;Expansao;6.00;4.40;1.20;75.00;0.50;37.50;0.30;52.50
44598;Expansao;58.20;3.20;1.20;75.00;0.50;37.50;0.30;52.50
44599;Expansao;59.00;2.80;1.20;75.00;0.50;37.50;0.30;52.50
44600;Expansao;35.60;2.30;1.20;75.00;0.50;37.50;0.30;52.50
44601;Expansao;0.00;2.80;1.20;75.00;0.50;37.50;0.30;52.50
44602;Expansao;33.00;4.40;1.20;75.00;0.50;37.50;0.30;52.50
44603;Expansao;25.20;2.20;1.20;75.00;0.50;37.50;0.30;52.50
44604;Expansao;1.80;2.30;1.20;75.00;0.50;37.50;0.30;52.50
44605;Expansao;0.20;3.40;1.20;75.00;0.50;37.50;0.30;52.50
44606;Expansao;8.40;3.50;1.20;75.00;0.50;37.50;0.30;52.50
44607;Expansao;0.40;2.50;1.20;75.00;0.50;37.50;0.30;52.50
44608;Expansao;10.40;3.80;1.20;75.00;0.50;37.50;0.30;52.50
44609;Expansao;0.20;4.50;1.20;75.00;0.50;37.50;0.30;52.50
44610;Expansao;4.40;4.10;1.20;75.00;0.50;37.50;0.30;52.50
44611;Expansao;0.00;2.10;1.20;75.00;0.50;37.50;0.30;52.50
44612;Expansao;0.40;1.60;1.20;75.00;0.50;37.50;0.30;52.50
44613;Expansao;1.00;3.10;1.20;75.00;0.50;37.50;0.30;52.50
44614;Expansao;0.40;2.90;1.20;75.00;0.50;37.50;0.30;52.50
44615;Expansao;16.20;3.20;1.20;75.00;0.50;37.50;0.30;52.50
44616;Expansao;0.20;3.90;1.20;75.00;0.50;37.50;0.30;52.50
44617;Expansao;1.60;4.00;1.20;75.00;0.50;37.50;0.30;52.50
44618;Expansao;1.00;4.10;1.20;75.00;0.50;37.50;0.30;52.50
44619;Expansao;0.00;4.10;1.20;75.00;0.50;37.50;0.30;52.50
44620;Expansao;0.00;4.70;1.20;75.00;0.50;37.50;0.30;52.50
44621;Expansao;0.20;4.70;1.20;75.00;0.50;37.50;0.30;52.50
44622;Expansao;0.00;4.30;1.20;75.00;0.50;37.50;0.30;52.50
44623;Expansao;0.20;4.70;1.20;75.00;0.50;37.50;0.30;52.50
44624;Expansao;0.00;4.70;1.20;75.00;0.50;37.50;0.30;52.50
44625;Expansao;3.60;5.10;1.20;75.00;0.50;37.50;0.30;52.50
44626;Expansao;0.00;3.70;1.20;75.00;0.50;37.50;0.30;52.50
44627;Expansao;0.00;4.40;1.20;75.00;0.50;37.50;0.30;52.50
44628;Expansao;0.00;4.60;1.20;75.00;0.50;37.50;0.30;52.50
44629;Expansao;0.00;3.80;1.20;75.00;0.50;37.50;0.30;52.50
44630;Expansao;0.00;3.80;1.20;75.00;0.50;37.50;0.30;52.50
44631;Expansao;10.80;4.00;1.20;75.00;0.50;37.50;0.30;52.50
44632;Expansao;38.00;3.90;1.20;75.00;0.50;37.50;0.30;52.50
44633;Expansao;23.20;3.50;1.20;75.00;0.50;37.50;0.30;52.50
44634;Expansao;19.40;3.50;1.20;75.00;0.50;37.50;0.30;52.50
44635;Expansao;41.20;2.20;1.20;75.00;0.50;37.50;0.30;52.50
44636;Expansao;3.40;2.50;1.20;75.00;0.50;37.50;0.30;52.50
44637;Expansao;21.60;3.80;1.20;75.00;0.50;37.50;0.30;52.50
44638;Expansao;0.00;3.70;1.20;75.00;0.50;37.50;0.30;52.50
44639;Expansao;0.80;3.40;1.20;75.00;0.50;37.50;0.30;52.50
44640;Expansao;0.00;2.50;1.20;75.00;0.50;37.50;0.30;52.50
44641;Expansao;0.20;3.60;1.20;75.00;0.50;37.50;0.30;52.50
44642;Expansao;0.00;2.20;1.20;75.00;0.50;37.50;0.30;52.50
44643;Expansao;0.00;4.30;1.20;75.00;0.50;37.50;0.30;52.50
44644;Expansao;0.00;4.10;1.20;75.00;0.50;37.50;0.30;52.50
44645;Expansao;0.00;4.10;1.20;75.00;0.50;37.50;0.30;52.50
44646;Expansao;30.00;3.60;1.20;75.00;0.50;37.50;0.30;52.50
44647;Expansao;0.40;1.70;1.20;75.00;0.50;37.50;0.30;52.50
44648;Expansao;18.80;3.50;1.20;75.00;0.50;37.50;0.30;52.50
44649;Expansao;0.20;2.20;1.20;75.00;0.50;37.50;0.30;52.50
44650;Expansao;0.00;3.40;1.20;75.00;0.50;37.50;0.30;52.50
44651;Expansao;36.80;3.70;1.20;75.00;0.50;37.50;0.30;52.50
44927;Expansao;13.60;2.90;1.20;75.00;0.50;37.50;0.30;52.50
44928;Expansao;20.40;5.00;1.20;75.00;0.50;37.50;0.30;52.50
44929;Expansao;11.40;2.70;1.20;75.00;0.50;37.50;0.30;52.50
44930;Expansao;18.60;2.90;1.20;75.00;0.50;37.50;0.30;52.50
44931;Expansao;37.00;2.60;1.20;75.00;0.50;37.50;0.30;52.50
44932;Expansao;64.00;2.30;1.20;75.00;0.50;37.50;0.30;52.50
44933;Expansao;42.60;1.60;1.20;75.00;0.50;37.50;0.30;52.50
44934;Expansao;34.20;2.00;1.20;75.00;0.50;37.50;0.30;52.50
44935;Expansao;7.00;1.00;1.20;75.00;0.50;37.50;0.30;52.50
44936;Expansao;11.80;2.90;1.20;75.00;0.50;37.50;0.30;52.50
44937;Expansao;1.00;2.80;1.20;75.00;0.50;37.50;0.30;52.50
44938;Expansao;41.00;4.00;1.20;75.00;0.50;37.50;0.30;52.50
44939;Expansao;10.60;3.60;1.20;75.00;0.50;37.50;0.30;52.50
44940;Expansao;23.80;3.40;1.20;75.00;0.50;37.50;0.30;52.50
44941;Expansao;0.40;4.30;1.20;75.00;0.50;37.50;0.30;52.50
44942;Expansao;0.00;3.50;1.20;75.00;0.50;37.50;0.30;52.50
44943;Expansao;0.00;2.90;1.20;75.00;0.50;37.50;0.30;52.50
44944;Expansao;0.00;5.60;1.20;75.00;0.50;37.50;0.30;52.50
44945;Expansao;32.80;4.40;1.20;75.00;0.50;37.50;0.30;52.50
44946;Expansao;12.80;3.60;1.20;75.00;0.50;37.50;0.30;52.50
44947;Expansao;23.60;3.50;1.20;75.00;0.50;37.50;0.30;52.50
44948;Expansao;0.20;1.80;1.20;75.00;0.50;37.50;0.30;52.50
44949;Expansao;15.20;3.00;1.20;75.00;0.50;37.50;0.30;52.50
44950;Expansao;3.80;3.20;1.20;75.00;0.50;37.50;0.30;52.50
44951;Expansao;0.20;2.40;1.20;75.00;0.50;37.50;0.30;52.50
44952;Expansao;0.00;5.40;1.20;75.00;0.50;37.50;0.30;52.50
44953;Expansao;1.20;5.30;1.20;75.00;0.50;37.50;0.30;52.50
44954;Expansao;0.00;2.80;1.20;75.00;0.50;37.50;0.30;52.50
44955;Expansao;16.20;4.30;1.20;75.00;0.50;37.50;0.30;52.50
44956;Expansao;15.20;3.50;1.20;75.00;0.50;37.50;0.30;52.50
44957;Expansao;75.40;4.30;1.20;75.00;0.50;37.50;0.30;52.50
44958;Expansao;43.80;4.00;1.20;75.00;0.50;37.50;0.30;52.50
44959;Expansao;23.00;3.70;1.20;75.00;0.50;37.50;0.30;52.50
44960;Expansao;0.20;2.70;1.20;75.00;0.50;37.50;0.30;52.50
44961;Expansao;0.00;5.10;1.20;75.00;0.50;37.50;0.30;52.50
44962;Expansao;0.00;5.20;1.20;75.00;0.50;37.50;0.30;52.50
44963;Expansao;0.00;4.80;1.20;75.00;0.50;37.50;0.30;52.50
44964;Expansao;1.60;4.70;1.20;75.00;0.50;37.50;0.30;52.50
44965;Expansao;12.40;4.80;1.20;75.00;0.50;37.50;0.30;52.50
44966;Expansao;7.20;5.20;1.20;75.00;0.50;37.50;0.30;52.50
44967;Expansao;0.80;5.10;1.20;75.00;0.50;37.50;0.30;52.50
44968;Expansao;4.20;3.40;1.20;75.00;0.50;37.50;0.30;52.50
44969;Expansao;28.80;3.30;1.20;75.00;0.50;37.50;0.30;52.50
44970;Expansao;0.00;1.10;1.20;75.00;0.50;37.50;0.30;52.50
44971;Expansao;3.00;4.40;1.20;75.00;0.50;37.50;0.30;52.50
44972;Expansao;9.40;4.50;1.20;75.00;0.50;37.50;0.30;52.50
44973;Expansao;10.20;3.90;1.20;75.00;0.50;37.50;0.30;52.50
44974;Expansao;0.00;4.90;1.20;75.00;0.50;37.50;0.30;52.50
44975;Expansao;13.80;5.00;1.20;75.00;0.50;37.50;0.30;52.50
44976;Expansao;43.60;4.00;1.20;75.00;0.50;37.50;0.30;52.50
44977;Expansao;1.40;4.20;1.20;75.00;0.50;37.50;0.30;52.50
44978;Expansao;28.20;5.60;1.20;75.00;0.50;37.50;0.30;52.50
44979;Expansao;3.00;2.70;1.20;75.00;0.50;37.50;0.30;52.50
44980;Expansao;12.60;3.80;1.20;75.00;0.50;37.50;0.30;52.50
44981;Expansao;0.20;4.10;1.20;75.00;0.50;37.50;0.30;52.50
44982;Expansao;10.00;4.00;1.20;75.00;0.50;37.50;0.30;52.50
44983;Expansao;12.80;3.60;1.20;75.00;0.50;37.50;0.30;52.50
44984;Expansao;0.00;4.90;1.20;75.00;0.50;37.50;0.30;52.50
44985;Expansao;0.00;4.40;1.20;75.00;0.50;37.50;0.30;52.50
44986;Expansao;3.20;5.70;1.20;75.00;0.50;37.50;0.30;52.50
44987;Expansao;1.60;4.70;1.20;75.00;0.50;37.50;0.30;52.50
44988;Expansao;0.00;5.10;1.20;75.00;0.50;37.50;0.30;52.50
44989;Expansao;27.40;5.00;1.20;75.00;0.50;37.50;0.30;52.50
44990;Expansao;7.40;4.60;1.20;75.00;0.50;37.50;0.30;52.50
44991;Expansao;66.60;3.90;1.20;75.00;0.50;37.50;0.30;52.50
44992;Expansao;1.40;2.90;1.20;75.00;0.50;37.50;0.30;52.50
44993;Expansao;17.00;2.50;1.20;75.00;0.50;37.50;0.30;52.50
44994;Expansao;10.80;4.00;1.20;75.00;0.50;37.50;0.30;52.50
44995;Expansao;21.60;4.40;1.20;75.00;0.50;37.50;0.30;52.50
44996;Expansao;4.00;2.50;1.20;75.00;0.50;37.50;0.30;52.50
44997;Expansao;0.00;3.30;1.20;75.00;0.50;37.50;0.30;52.50
44998;Expansao;5.00;4.40;1.20;75.00;0.50;37.50;0.30;52.50
44999;Expansao;0.80;2.80;1.20;75.00;0.50;37.50;0.30;52.50
45000;Expansao;0.20;2.80;1.20;75.00;0.50;37.50;0.30;52.50
45001;Expansao;4.60;3.50;1.20;75.00;0.50;37.50;0.30;52.50
45002;Expansao;0.00;5.30;1.20;75.00;0.50;37.50;0.30;52.50
45003;Expansao;13.20;3.00;1.20;75.00;0.50;37.50;0.30;52.50
45004;Expansao;0.00;5.10;1.20;75.00;0.50;37.50;0.30;52.50
45005;Expansao;18.00;5.20;1.20;75.00;0.50;37.50;0.30;52.50
45006;Expansao;0.80;4.20;1.20;75.00;0.50;37.50;0.30;52.50
45007;Expansao;0.60;5.60;1.20;75.00;0.50;37.50;0.30;52.50
45008;Expansao;0.00;5.90;1.20;75.00;0.50;37.50;0.30;52.50
45009;Expansao;0.00;5.90;1.20;75.00;0.50;37.50;0.30;52.50
45010;Expansao;0.00;5.90;1.20;75.00;0.50;37.50;0.30;52.50
45011;Expansao;0.00;6.60;1.20;75.00;0.50;37.50;0.30;52.50
45012;Expansao;0.00;5.50;1.20;75.00;0.50;37.50;0.30;52.50
45013;Expansao;80.00;4.90;1.20;75.00;0.50;37.50;0.30;52.50
45014;Expansao;0.60;4.60;1.20;75.00;0.50;37.50;0.30;52.50
45015;Expansao;0.40;4.70;1.20;75.00;0.50;37.50;0.30;52.50
45016;Expansao;1.40;4.10;1.20;75.00;0.50;37.50;0.30;52.50
45292;Expansao;4.20;3.40;1.20;75.00;0.50;37.50;0.30;52.50
45293;Expansao;3.00;1.70;1.20;75.00;0.50;37.50;0.30;52.50
45294;Expansao;28.60;3.20;1.20;75.00;0.50;37.50;0.30;52.50
45295;Expansao;18.40;3.80;1.20;75.00;0.50;37.50;0.30;52.50
45296;Expansao;0.20;4.10;1.20;75.00;0.50;37.50;0.30;52.50
45297;Expansao;0.00;5.90;1.20;75.00;0.50;37.50;0.30;52.50
45298;Expansao;0.00;5.90;1.20;75.00;0.50;37.50;0.30;52.50
45299;Expansao;0.00;5.40;1.20;75.00;0.50;37.50;0.30;52.50
45300;Expansao;0.00;4.70;1.20;75.00;0.50;37.50;0.30;52.50
45301;Expansao;0.00;4.40;1.20;75.00;0.50;37.50;0.30;52.50
45302;Expansao;0.00;5.10;1.20;75.00;0.50;37.50;0.30;52.50
45303;Expansao;0.00;4.60;1.20;75.00;0.50;37.50;0.30;52.50
45304;Expansao;0.00;4.50;1.20;75.00;0.50;37.50;0.30;52.50
45305;Expansao;0.00;3.30;1.20;75.00;0.50;37.50;0.30;52.50
45306;Expansao;0.00;4.20;1.20;75.00;0.50;37.50;0.30;52.50
45307;Expansao;0.00;2.90;1.20;75.00;0.50;37.50;0.30;52.50
45308;Expansao;0.00;5.80;1.20;75.00;0.50;37.50;0.30;52.50
45309;Expansao;0.00;4.60;1.20;75.00;0.50;37.50;0.30;52.50
45310;Expansao;0.00;4.80;1.20;75.00;0.50;37.50;0.30;52.50
45311;Expansao;0.00;4.30;1.20;75.00;0.50;37.50;0.30;52.50
45312;Expansao;0.00;4.40;1.20;75.00;0.50;37.50;0.30;52.50
45313;Expansao;0.00;3.30;1.20;75.00;0.50;37.50;0.30;52.50
45314;Expansao;0.00;5.50;1.20;75.00;0.50;37.50;0.30;52.50
45315;Expansao;0.00;2.70;1.20;75.00;0.50;37.50;0.30;52.50
45316;Expansao;0.00;3.20;1.20;75.00;0.50;37.50;0.30;52.50
45317;Expansao;0.00;5.10;1.20;75.00;0.50;37.50;0.30;52.50
45318;Expansao;0.00;5.50;1.20;75.00;0.50;37.50;0.30;52.50
45319;Expansao;0.00;6.20;1.20;75.00;0.50;37.50;0.30;52.50
45320;Expansao;0.00;4.80;1.20;75.00;0.50;37.50;0.30;52.50
45321;Expansao;0.00;6.70;1.20;75.00;0.50;37.50;0.30;52.50
45322;Expansao;0.00;7.10;1.20;75.00;0.50;37.50;0.30;52.50
45323;Expansao;0.00;3.20;1.20;75.00;0.50;37.50;0.30;52.50
45324;Expansao;0.00;3.70;1.20;75.00;0.50;37.50;0.30;52.50
45325;Expansao;0.00;4.10;1.20;75.00;0.50;37.50;0.30;52.50
45326;Expansao;0.00;4.10;1.20;75.00;0.50;37.50;0.30;52.50
45327;Expansao;0.00;2.10;1.20;75.00;0.50;37.50;0.30;52.50
45328;Expansao;0.00;3.80;1.20;75.00;0.50;37.50;0.30;52.50
45329;Expansao;0.00;4.70;1.20;75.00;0.50;37.50;0.30;52.50
45330;Expansao;0.00;4.20;1.20;75.00;0.50;37.50;0.30;52.50
45331;Expansao;0.00;3.80;1.20;75.00;0.50;37.50;0.30;52.50
45332;Expansao;0.80;4.80;1.20;75.00;0.50;37.50;0.30;52.50
45333;Expansao;2.40;5.60;1.20;75.00;0.50;37.50;0.30;52.50
45334;Expansao;4.20;4.90;1.20;75.00;0.50;37.50;0.30;52.50
45335;Expansao;2.40;4.80;1.20;75.00;0.50;37.50;0.30;52.50
45336;Expansao;2.00;5.20;1.20;75.00;0.50;37.50;0.30;52.50
45337;Expansao;1.60;3.30;1.20;75.00;0.50;37.50;0.30;52.50
45338;Expansao;1.00;2.60;1.20;75.00;0.50;37.50;0.30;52.50
45339;Expansao;0.80;2.30;1.20;75.00;0.50;37.50;0.30;52.50
45340;Expansao;0.60;4.20;1.20;75.00;0.50;37.50;0.30;52.50
45341;Expansao;0.20;3.80;1.20;75.00;0.50;37.50;0.30;52.50
45342;Expansao;0.20;3.90;1.20;75.00;0.50;37.50;0.30;52.50
45343;Expansao;3.00;3.60;1.20;75.00;0.50;37.50;0.30;52.50
45344;Expansao;1.20;5.00;1.20;75.00;0.50;37.50;0.30;52.50
45345;Expansao;1.40;4.30;1.20;75.00;0.50;37.50;0.30;52.50
45346;Expansao;1.40;4.50;1.20;75.00;0.50;37.50;0.30;52.50
45347;Expansao;1.00;3.70;1.20;75.00;0.50;37.50;0.30;52.50
45348;Expansao;1.80;4.50;1.20;75.00;0.50;37.50;0.30;52.50
45349;Expansao;0.80;4.30;1.20;75.00;0.50;37.50;0.30;52.50
45350;Expansao;1.20;5.60;1.20;75.00;0.50;37.50;0.30;52.50
45351;Expansao;0.40;5.70;1.20;75.00;0.50;37.50;0.30;52.50
44561;Florada;15.20;1.40;1.10;75.00;0.50;37.50;0.25;56.25
44806;Florada;0.00;7.40;1.10;75.00;0.50;37.50;0.25;56.25
44811;Florada;0.00;6.20;1.10;75.00;0.50;37.50;0.25;56.25
44812;Florada;0.00;7.30;1.10;75.00;0.50;37.50;0.25;56.25
44813;Florada;0.00;15.20;1.10;75.00;0.50;37.50;0.25;56.25
44814;Florada;0.00;9.20;1.10;75.00;0.50;37.50;0.25;56.25
44815;Florada;0.00;9.90;1.10;75.00;0.50;37.50;0.25;56.25
44816;Florada;0.00;7.90;1.10;75.00;0.50;37.50;0.25;56.25
44817;Florada;0.00;9.60;1.10;75.00;0.50;37.50;0.25;56.25
44818;Florada;0.00;9.40;1.10;75.00;0.50;37.50;0.25;56.25
44819;Florada;11.40;5.30;1.10;75.00;0.50;37.50;0.25;56.25
44820;Florada;1.80;2.70;1.10;75.00;0.50;37.50;0.25;56.25
44821;Florada;0.00;1.80;1.10;75.00;0.50;37.50;0.25;56.25
44822;Florada;0.00;5.30;1.10;75.00;0.50;37.50;0.25;56.25
44823;Florada;0.00;6.30;1.10;75.00;0.50;37.50;0.25;56.25
44824;Florada;0.00;7.10;1.10;75.00;0.50;37.50;0.25;56.25
44825;Florada;0.00;3.40;1.10;75.00;0.50;37.50;0.25;56.25
44826;Florada;29.80;5.30;1.10;75.00;0.50;37.50;0.25;56.25
44827;Florada;2.00;1.70;1.10;75.00;0.50;37.50;0.25;56.25
44828;Florada;0.00;4.70;1.10;75.00;0.50;37.50;0.25;56.25
44829;Florada;0.00;7.20;1.10;75.00;0.50;37.50;0.25;56.25
44830;Florada;2.80;8.00;1.10;75.00;0.50;37.50;0.25;56.25
44831;Florada;20.00;4.60;1.10;75.00;0.50;37.50;0.25;56.25
44832;Florada;5.00;2.10;1.10;75.00;0.50;37.50;0.25;56.25
44833;Florada;5.20;1.50;1.10;75.00;0.50;37.50;0.25;56.25
44834;Florada;19.20;3.80;1.10;75.00;0.50;37.50;0.25;56.25
44835;Florada;1.60;4.20;1.10;75.00;0.50;37.50;0.25;56.25
44836;Florada;0.00;5.00;1.10;75.00;0.50;37.50;0.25;56.25
44837;Florada;3.00;6.70;1.10;75.00;0.50;37.50;0.25;56.25
44838;Florada;0.00;6.30;1.10;75.00;0.50;37.50;0.25;56.25
44839;Florada;0.00;4.70;1.10;75.00;0.50;37.50;0.25;56.25
44840;Florada;3.60;6.00;1.10;75.00;0.50;37.50;0.25;56.25
44841;Florada;89.80;5.10;1.10;75.00;0.50;37.50;0.25;56.25
44842;Florada;0.00;1.90;1.10;75.00;0.50;37.50;0.25;56.25
44843;Florada;20.00;4.60;1.10;75.00;0.50;37.50;0.25;56.25
44844;Florada;10.80;2.40;1.10;75.00;0.50;37.50;0.25;56.25
44845;Florada;0.00;2.40;1.10;75.00;0.50;37.50;0.25;56.25
44846;Florada;0.00;7.40;1.10;75.00;0.50;37.50;0.25;56.25
44847;Florada;0.00;6.40;1.10;75.00;0.50;37.50;0.25;56.25
44848;Florada;0.00;8.90;1.10;75.00;0.50;37.50;0.25;56.25
44849;Florada;0.00;8.10;1.10;75.00;0.50;37.50;0.25;56.25
44850;Florada;0.00;6.90;1.10;75.00;0.50;37.50;0.25;56.25
44851;Florada;0.00;7.20;1.10;75.00;0.50;37.50;0.25;56.25
44852;Florada;0.00;6.90;1.10;75.00;0.50;37.50;0.25;56.25
44853;Florada;0.00;6.70;1.10;75.00;0.50;37.50;0.25;56.25
44854;Florada;0.00;3.40;1.10;75.00;0.50;37.50;0.25;56.25
44855;Florada;7.00;6.00;1.10;75.00;0.50;37.50;0.25;56.25
44856;Florada;0.00;1.90;1.10;75.00;0.50;37.50;0.25;56.25
44857;Florada;23.60;5.40;1.10;75.00;0.50;37.50;0.25;56.25
44858;Florada;0.00;4.70;1.10;75.00;0.50;37.50;0.25;56.25
44859;Florada;0.00;5.70;1.10;75.00;0.50;37.50;0.25;56.25
44860;Florada;0.00;6.70;1.10;75.00;0.50;37.50;0.25;56.25
44861;Florada;0.00;8.40;1.10;75.00;0.50;37.50;0.25;56.25
44862;Florada;23.60;5.70;1.10;75.00;0.50;37.50;0.25;56.25
44863;Florada;0.00;2.80;1.10;75.00;0.50;37.50;0.25;56.25
44864;Florada;0.40;5.90;1.10;75.00;0.50;37.50;0.25;56.25
44865;Florada;7.40;4.40;1.10;75.00;0.50;37.50;0.25;56.25
44866;Florada;0.40;3.90;1.10;75.00;0.50;37.50;0.25;56.25
44867;Florada;0.60;3.50;1.10;75.00;0.50;37.50;0.25;56.25
44868;Florada;1.40;1.80;1.10;75.00;0.50;37.50;0.25;56.25
44869;Florada;0.00;2.70;1.10;75.00;0.50;37.50;0.25;56.25
44870;Florada;0.00;5.10;1.10;75.00;0.50;37.50;0.25;56.25
44871;Florada;1.20;6.20;1.10;75.00;0.50;37.50;0.25;56.25
44872;Florada;0.00;4.60;1.10;75.00;0.50;37.50;0.25;56.25
44873;Florada;19.00;5.40;1.10;75.00;0.50;37.50;0.25;56.25
44874;Florada;4.00;5.30;1.10;75.00;0.50;37.50;0.25;56.25
44875;Florada;0.00;3.00;1.10;75.00;0.50;37.50;0.25;56.25
44876;Florada;0.20;6.60;1.10;75.00;0.50;37.50;0.25;56.25
44877;Florada;1.00;5.20;1.10;75.00;0.50;37.50;0.25;56.25
44878;Florada;1.40;4.90;1.10;75.00;0.50;37.50;0.25;56.25
44879;Florada;1.60;5.50;1.10;75.00;0.50;37.50;0.25;56.25
44880;Florada;0.40;4.20;1.10;75.00;0.50;37.50;0.25;56.25
44881;Florada;0.00;3.60;1.10;75.00;0.50;37.50;0.25;56.25
44882;Florada;0.00;5.60;1.10;75.00;0.50;37.50;0.25;56.25
44883;Florada;15.00;7.20;1.10;75.00;0.50;37.50;0.25;56.25
44884;Florada;0.00;6.40;1.10;75.00;0.50;37.50;0.25;56.25
44885;Florada;15.60;4.50;1.10;75.00;0.50;37.50;0.25;56.25
44886;Florada;1.20;5.50;1.10;75.00;0.50;37.50;0.25;56.25
44887;Florada;13.60;6.80;1.10;75.00;0.50;37.50;0.25;56.25
44888;Florada;22.20;5.20;1.10;75.00;0.50;37.50;0.25;56.25
44889;Florada;32.60;3.30;1.10;75.00;0.50;37.50;0.25;56.25
44890;Florada;13.80;3.90;1.10;75.00;0.50;37.50;0.25;56.25
44891;Florada;0.00;3.90;1.10;75.00;0.50;37.50;0.25;56.25
44892;Florada;0.00;5.90;1.10;75.00;0.50;37.50;0.25;56.25
44893;Florada;33.80;5.40;1.10;75.00;0.50;37.50;0.25;56.25
44894;Florada;6.00;5.20;1.10;75.00;0.50;37.50;0.25;56.25
44895;Florada;0.00;4.00;1.10;75.00;0.50;37.50;0.25;56.25
44896;Florada;51.60;4.70;1.10;75.00;0.50;37.50;0.25;56.25
44897;Florada;0.00;4.10;1.10;75.00;0.50;37.50;0.25;56.25
44898;Florada;0.00;3.50;1.10;75.00;0.50;37.50;0.25;56.25
44899;Florada;1.20;3.30;1.10;75.00;0.50;37.50;0.25;56.25
44900;Florada;0.60;2.60;1.10;75.00;0.50;37.50;0.25;56.25
44901;Florada;2.60;3.20;1.10;75.00;0.50;37.50;0.25;56.25
44902;Florada;61.00;2.80;1.10;75.00;0.50;37.50;0.25;56.25
44903;Florada;0.80;2.40;1.10;75.00;0.50;37.50;0.25;56.25
44904;Florada;0.00;5.40;1.10;75.00;0.50;37.50;0.25;56.25
44905;Florada;0.00;8.40;1.10;75.00;0.50;37.50;0.25;56.25
44906;Florada;0.00;5.10;1.10;75.00;0.50;37.50;0.25;56.25
44907;Florada;56.40;4.90;1.10;75.00;0.50;37.50;0.25;56.25
44908;Florada;22.40;3.30;1.10;75.00;0.50;37.50;0.25;56.25
44909;Florada;4.00;1.10;1.10;75.00;0.50;37.50;0.25;56.25
44910;Florada;1.20;3.60;1.10;75.00;0.50;37.50;0.25;56.25
44911;Florada;2.80;4.90;1.10;75.00;0.50;37.50;0.25;56.25
44912;Florada;0.80;5.10;1.10;75.00;0.50;37.50;0.25;56.25
44913;Florada;7.40;5.10;1.10;75.00;0.50;37.50;0.25;56.25
44914;Florada;9.20;4.70;1.10;75.00;0.50;37.50;0.25;56.25
44915;Florada;6.40;2.90;1.10;75.00;0.50;37.50;0.25;56.25
44916;Florada;6.00;3.10;1.10;75.00;0.50;37.50;0.25;56.25
44917;Florada;0.00;4.20;1.10;75.00;0.50;37.50;0.25;56.25
44918;Florada;0.20;5.60;1.10;75.00;0.50;37.50;0.25;56.25
44919;Florada;0.00;4.80;1.10;75.00;0.50;37.50;0.25;56.25
44920;Florada;9.80;5.60;1.10;75.00;0.50;37.50;0.25;56.25
44921;Florada;90.40;4.50;1.10;75.00;0.50;37.50;0.25;56.25
44922;Florada;20.60;1.60;1.10;75.00;0.50;37.50;0.25;56.25
44923;Florada;8.20;4.40;1.10;75.00;0.50;37.50;0.25;56.25
44924;Florada;18.40;2.70;1.10;75.00;0.50;37.50;0.25;56.25
44925;Florada;1.60;2.30;1.10;75.00;0.50;37.50;0.25;56.25
44926;Florada;6.20;1.80;1.10;75.00;0.50;37.50;0.25;56.25
45170;Florada;0.00;4.00;1.10;75.00;0.50;37.50;0.25;56.25
45171;Florada;0.00;6.30;1.10;75.00;0.50;37.50;0.25;56.25
45172;Florada;1.20;5.60;1.10;75.00;0.50;37.50;0.25;56.25
45173;Florada;0.20;4.80;1.10;75.00;0.50;37.50;0.25;56.25
45174;Florada;9.60;5.10;1.10;75.00;0.50;37.50;0.25;56.25
45175;Florada;0.00;1.70;1.10;75.00;0.50;37.50;0.25;56.25
45176;Florada;0.00;4.60;1.10;75.00;0.50;37.50;0.25;56.25
45177;Florada;0.00;6.40;1.10;75.00;0.50;37.50;0.25;56.25
45178;Florada;0.00;7.50;1.10;75.00;0.50;37.50;0.25;56.25
45179;Florada;0.00;6.10;1.10;75.00;0.50;37.50;0.25;56.25
45180;Florada;0.00;6.40;1.10;75.00;0.50;37.50;0.25;56.25
45181;Florada;0.00;7.80;1.10;75.00;0.50;37.50;0.25;56.25
45182;Florada;0.00;8.60;1.10;75.00;0.50;37.50;0.25;56.25
45183;Florada;1.40;7.00;1.10;75.00;0.50;37.50;0.25;56.25
45184;Florada;0.60;3.90;1.10;75.00;0.50;37.50;0.25;56.25
45185;Florada;0.00;5.30;1.10;75.00;0.50;37.50;0.25;56.25
45186;Florada;0.00;8.20;1.10;75.00;0.50;37.50;0.25;56.25
45187;Florada;0.00;7.50;1.10;75.00;0.50;37.50;0.25;56.25
45188;Florada;0.00;8.30;1.10;75.00;0.50;37.50;0.25;56.25
45189;Florada;0.00;8.50;1.10;75.00;0.50;37.50;0.25;56.25
45190;Florada;0.00;7.70;1.10;75.00;0.50;37.50;0.25;56.25
45191;Florada;0.00;8.50;1.10;75.00;0.50;37.50;0.25;56.25
45192;Florada;0.00;8.20;1.10;75.00;0.50;37.50;0.25;56.25
45193;Florada;0.00;7.50;1.10;75.00;0.50;37.50;0.25;56.25
45194;Florada;0.00;9.30;1.10;75.00;0.50;37.50;0.25;56.25
45195;Florada;0.00;8.90;1.10;75.00;0.50;37.50;0.25;56.25
45196;Florada;6.00;9.50;1.10;75.00;0.50;37.50;0.25;56.25
45197;Florada;0.00;6.40;1.10;75.00;0.50;37.50;0.25;56.25
45198;Florada;0.00;4.40;1.10;75.00;0.50;37.50;0.25;56.25
45199;Florada;0.00;5.90;1.10;75.00;0.50;37.50;0.25;56.25
45200;Florada;16.00;6.20;1.10;75.00;0.50;37.50;0.25;56.25
45201;Florada;32.00;3.00;1.10;75.00;0.50;37.50;0.25;56.25
45202;Florada;11.80;4.30;1.10;75.00;0.50;37.50;0.25;56.25
45203;Florada;0.00;5.50;1.10;75.00;0.50;37.50;0.25;56.25
45204;Florada;0.00;6.50;1.10;75.00;0.50;37.50;0.25;56.25
45205;Florada;0.20;6.10;1.10;75.00;0.50;37.50;0.25;56.25
45206;Florada;0.20;4.60;1.10;75.00;0.50;37.50;0.25;56.25
45207;Florada;13.40;4.80;1.10;75.00;0.50;37.50;0.25;56.25
45208;Florada;8.00;4.30;1.10;75.00;0.50;37.50;0.25;56.25
45209;Florada;0.00;3.20;1.10;75.00;0.50;37.50;0.25;56.25
45210;Florada;0.00;6.30;1.10;75.00;0.50;37.50;0.25;56.25
45211;Florada;7.80;5.90;1.10;75.00;0.50;37.50;0.25;56.25
45212;Florada;35.80;6.30;1.10;75.00;0.50;37.50;0.25;56.25
45213;Florada;5.20;1.20;1.10;75.00;0.50;37.50;0.25;56.25
45214;Florada;0.00;3.70;1.10;75.00;0.50;37.50;0.25;56.25
45215;Florada;0.00;5.70;1.10;75.00;0.50;37.50;0.25;56.25
45216;Florada;0.00;7.20;1.10;75.00;0.50;37.50;0.25;56.25
45217;Florada;0.00;6.10;1.10;75.00;0.50;37.50;0.25;56.25
45218;Florada;29.60;5.70;1.10;75.00;0.50;37.50;0.25;56.25
45219;Florada;3.80;5.10;1.10;75.00;0.50;37.50;0.25;56.25
45220;Florada;0.00;3.20;1.10;75.00;0.50;37.50;0.25;56.25
45221;Florada;0.00;5.30;1.10;75.00;0.50;37.50;0.25;56.25
45222;Florada;0.00;6.40;1.10;75.00;0.50;37.50;0.25;56.25
45223;Florada;0.00;8.60;1.10;75.00;0.50;37.50;0.25;56.25
45224;Florada;5.80;6.60;1.10;75.00;0.50;37.50;0.25;56.25
45225;Florada;4.60;4.50;1.10;75.00;0.50;37.50;0.25;56.25
45226;Florada;44.60;3.50;1.10;75.00;0.50;37.50;0.25;56.25
45227;Florada;19.00;4.30;1.10;75.00;0.50;37.50;0.25;56.25
45228;Florada;2.80;1.80;1.10;75.00;0.50;37.50;0.25;56.25
45229;Florada;0.00;4.90;1.10;75.00;0.50;37.50;0.25;56.25
45230;Florada;0.00;4.00;1.10;75.00;0.50;37.50;0.25;56.25
45231;Florada;0.20;5.10;1.10;75.00;0.50;37.50;0.25;56.25
45232;Florada;0.40;3.60;1.10;75.00;0.50;37.50;0.25;56.25
45233;Florada;17.20;5.20;1.10;75.00;0.50;37.50;0.25;56.25
45234;Florada;5.80;4.20;1.10;75.00;0.50;37.50;0.25;56.25
45235;Florada;0.40;0.70;1.10;75.00;0.50;37.50;0.25;56.25
45236;Florada;0.00;6.20;1.10;75.00;0.50;37.50;0.25;56.25
45237;Florada;0.00;8.00;1.10;75.00;0.50;37.50;0.25;56.25
45238;Florada;0.00;7.70;1.10;75.00;0.50;37.50;0.25;56.25
45239;Florada;0.00;8.10;1.10;75.00;0.50;37.50;0.25;56.25
45240;Florada;0.00;6.90;1.10;75.00;0.50;37.50;0.25;56.25
45241;Florada;0.00;8.00;1.10;75.00;0.50;37.50;0.25;56.25
45242;Florada;0.00;10.60;1.10;75.00;0.50;37.50;0.25;56.25
45243;Florada;0.00;9.50;1.10;75.00;0.50;37.50;0.25;56.25
45244;Florada;0.00;9.90;1.10;75.00;0.50;37.50;0.25;56.25
45245;Florada;13.00;8.50;1.10;75.00;0.50;37.50;0.25;56.25
45246;Florada;0.00;8.10;1.10;75.00;0.50;37.50;0.25;56.25
45247;Florada;0.00;8.80;1.10;75.00;0.50;37.50;0.25;56.25
45248;Florada;0.20;8.00;1.10;75.00;0.50;37.50;0.25;56.25
45249;Florada;0.40;6.80;1.10;75.00;0.50;37.50;0.25;56.25
45250;Florada;1.40;6.40;1.10;75.00;0.50;37.50;0.25;56.25
45251;Florada;4.00;4.80;1.10;75.00;0.50;37.50;0.25;56.25
45252;Florada;57.80;4.00;1.10;75.00;0.50;37.50;0.25;56.25
45253;Florada;0.00;3.20;1.10;75.00;0.50;37.50;0.25;56.25
45254;Florada;6.40;4.30;1.10;75.00;0.50;37.50;0.25;56.25
45255;Florada;0.20;4.10;1.10;75.00;0.50;37.50;0.25;56.25
45256;Florada;8.40;4.60;1.10;75.00;0.50;37.50;0.25;56.25
45257;Florada;0.20;4.80;1.10;75.00;0.50;37.50;0.25;56.25
45258;Florada;0.00;3.90;1.10;75.00;0.50;37.50;0.25;56.25
45259;Florada;42.00;4.50;1.10;75.00;0.50;37.50;0.25;56.25
45260;Florada;0.20;3.10;1.10;75.00;0.50;37.50;0.25;56.25
45261;Florada;4.60;5.20;1.10;75.00;0.50;37.50;0.25;56.25
45262;Florada;0.00;5.90;1.10;75.00;0.50;37.50;0.25;56.25
45263;Florada;0.00;5.40;1.10;75.00;0.50;37.50;0.25;56.25
45264;Florada;0.60;5.90;1.10;75.00;0.50;37.50;0.25;56.25
45265;Florada;0.60;4.60;1.10;75.00;0.50;37.50;0.25;56.25
45266;Florada;4.00;5.00;1.10;75.00;0.50;37.50;0.25;56.25
45267;Florada;0.60;5.40;1.10;75.00;0.50;37.50;0.25;56.25
45268;Florada;3.80;5.70;1.10;75.00;0.50;37.50;0.25;56.25
45269;Florada;3.80;5.10;1.10;75.00;0.50;37.50;0.25;56.25
45270;Florada;10.20;5.30;1.10;75.00;0.50;37.50;0.25;56.25
45271;Florada;15.00;4.80;1.10;75.00;0.50;37.50;0.25;56.25
45272;Florada;0.80;4.10;1.10;75.00;0.50;37.50;0.25;56.25
45273;Florada;0.00;4.70;1.10;75.00;0.50;37.50;0.25;56.25
45274;Florada;0.00;7.30;1.10;75.00;0.50;37.50;0.25;56.25
45275;Florada;0.00;6.90;1.10;75.00;0.50;37.50;0.25;56.25
45276;Florada;0.00;6.70;1.10;75.00;0.50;37.50;0.25;56.25
45277;Florada;0.00;7.70;1.10;75.00;0.50;37.50;0.25;56.25
45278;Florada;8.40;7.40;1.10;75.00;0.50;37.50;0.25;56.25
45279;Florada;0.00;4.50;1.10;75.00;0.50;37.50;0.25;56.25
45280;Florada;0.00;6.40;1.10;75.00;0.50;37.50;0.25;56.25
45281;Florada;0.00;5.30;1.10;75.00;0.50;37.50;0.25;56.25
45282;Florada;26.00;5.20;1.10;75.00;0.50;37.50;0.25;56.25
45283;Florada;43.60;4.20;1.10;75.00;0.50;37.50;0.25;56.25
45284;Florada;0.40;2.10;1.10;75.00;0.50;37.50;0.25;56.25
45285;Florada;1.00;4.50;1.10;75.00;0.50;37.50;0.25;56.25
45286;Florada;0.40;4.60;1.10;75.00;0.50;37.50;0.25;56.25
45287;Florada;0.00;4.90;1.10;75.00;0.50;37.50;0.25;56.25
45288;Florada;0.00;5.10;1.10;75.00;0.50;37.50;0.25;56.25
45289;Florada;0.00;6.60;1.10;75.00;0.50;37.50;0.25;56.25
45290;Florada;0.60;5.90;1.10;75.00;0.50;37.50;0.25;56.25
45291;Florada;20.60;3.80;1.10;75.00;0.50;37.50;0.25;56.25
45959;Florada;0.00;4.20;1.10;75.00;0.50;37.50;0.25;56.25
45960;Florada;0.00;3.10;1.10;75.00;0.50;37.50;0.25;56.25
45961;Florada;0.00;3.70;1.10;75.00;0.50;37.50;0.25;56.25
45962;Florada;1.40;3.90;1.10;75.00;0.50;37.50;0.25;56.25
45963;Florada;37.00;4.80;1.10;75.00;0.50;37.50;0.25;56.25
45964;Florada;11.40;2.00;1.10;75.00;0.50;37.50;0.25;56.25
45965;Florada;0.00;3.00;1.10;75.00;0.50;37.50;0.25;56.25
45966;Florada;0.00;4.70;1.10;75.00;0.50;37.50;0.25;56.25
45967;Florada;0.00;4.00;1.10;75.00;0.50;37.50;0.25;56.25
45968;Florada;0.00;5.70;1.10;75.00;0.50;37.50;0.25;56.25
45969;Florada;15.20;6.80;1.10;75.00;0.50;37.50;0.25;56.25
45970;Florada;2.00;3.00;1.10;75.00;0.50;37.50;0.25;56.25
45971;Florada;0.00;5.30;1.10;75.00;0.50;37.50;0.25;56.25
45972;Florada;0.00;6.00;1.10;75.00;0.50;37.50;0.25;56.25
45973;Florada;0.00;6.20;1.10;75.00;0.50;37.50;0.25;56.25
45974;Florada;0.00;7.40;1.10;75.00;0.50;37.50;0.25;56.25
45975;Florada;0.00;5.20;1.10;75.00;0.50;37.50;0.25;56.25
45976;Florada;16.20;5.80;1.10;75.00;0.50;37.50;0.25;56.25
45977;Florada;4.80;4.90;1.10;75.00;0.50;37.50;0.25;56.25
45978;Florada;8.60;4.20;1.10;75.00;0.50;37.50;0.25;56.25
45979;Florada;1.80;4.80;1.10;75.00;0.50;37.50;0.25;56.25
45980;Florada;0.00;3.80;1.10;75.00;0.50;37.50;0.25;56.25
45981;Florada;0.00;7.30;1.10;75.00;0.50;37.50;0.25;56.25
45982;Florada;0.00;7.30;1.10;75.00;0.50;37.50;0.25;56.25
45983;Florada;0.60;7.80;1.10;75.00;0.50;37.50;0.25;56.25
45984;Florada;38.40;4.90;1.10;75.00;0.50;37.50;0.25;56.25
45985;Florada;35.60;3.90;1.10;75.00;0.50;37.50;0.25;56.25
45986;Florada;0.20;2.60;1.10;75.00;0.50;37.50;0.25;56.25
45987;Florada;0.00;6.40;1.10;75.00;0.50;37.50;0.25;56.25
45988;Florada;0.00;7.20;1.10;75.00;0.50;37.50;0.25;56.25
45989;Florada;0.00;8.40;1.10;75.00;0.50;37.50;0.25;56.25
45990;Florada;0.00;7.50;1.10;75.00;0.50;37.50;0.25;56.25
45991;Florada;0.00;7.70;1.10;75.00;0.50;37.50;0.25;56.25
45992;Florada;0.60;8.50;1.10;75.00;0.50;37.50;0.25;56.25
45993;Florada;24.00;7.00;1.10;75.00;0.50;37.50;0.25;56.25
45994;Florada;28.20;4.90;1.10;75.00;0.50;37.50;0.25;56.25
45995;Florada;2.40;3.70;1.10;75.00;0.50;37.50;0.25;56.25
45996;Florada;0.20;5.80;1.10;75.00;0.50;37.50;0.25;56.25
45997;Florada;0.00;5.20;1.10;75.00;0.50;37.50;0.25;56.25
45998;Florada;0.00;5.90;1.10;75.00;0.50;37.50;0.25;56.25
45999;Florada;1.00;5.50;1.10;75.00;0.50;37.50;0.25;56.25
46000;Florada;23.20;3.40;1.10;75.00;0.50;37.50;0.25;56.25
46001;Florada;28.60;1.80;1.10;75.00;0.50;37.50;0.25;56.25
46002;Florada;0.00;1.40;1.10;75.00;0.50;37.50;0.25;56.25
46003;Florada;18.00;4.80;1.10;75.00;0.50;37.50;0.25;56.25
46004;Florada;34.80;3.90;1.10;75.00;0.50;37.50;0.25;56.25
46005;Florada;0.60;1.10;1.10;75.00;0.50;37.50;0.25;56.25
46006;Florada;10.20;2.80;1.10;75.00;0.50;37.50;0.25;56.25
46007;Florada;0.00;3.70;1.10;75.00;0.50;37.50;0.25;56.25
46008;Florada;13.20;2.80;1.10;75.00;0.50;37.50;0.25;56.25
46009;Florada;1.00;2.30;1.10;75.00;0.50;37.50;0.25;56.25
46010;Florada;59.60;2.90;1.10;75.00;0.50;37.50;0.25;56.25
46011;Florada;1.20;2.50;1.10;75.00;0.50;37.50;0.25;56.25
46012;Florada;0.00;2.30;1.10;75.00;0.50;37.50;0.25;56.25
46015;Florada;0.00;6.30;1.10;75.00;0.50;37.50;0.25;56.25
46016;Florada;4.40;6.30;1.10;75.00;0.50;37.50;0.25;56.25
46017;Florada;0.00;6.80;1.10;75.00;0.50;37.50;0.25;56.25
46018;Florada;10.60;6.60;1.10;75.00;0.50;37.50;0.25;56.25
46019;Florada;5.60;3.60;1.10;75.00;0.50;37.50;0.25;56.25
46020;Florada;13.20;4.80;1.10;75.00;0.50;37.50;0.25;56.25
46021;Florada;0.00;4.90;1.10;75.00;0.50;37.50;0.25;56.25
46022;Florada;5.40;5.60;1.10;75.00;0.50;37.50;0.25;56.25
43831;Formacao;0.00;3.60;0.60;30.00;0.50;15.00;0.30;21.00
43832;Formacao;15.80;4.20;0.60;30.00;0.50;15.00;0.30;21.00
43833;Formacao;86.40;1.80;0.60;30.00;0.50;15.00;0.30;21.00
43834;Formacao;25.00;3.10;0.60;30.00;0.50;15.00;0.30;21.00
43835;Formacao;2.80;3.60;0.60;30.00;0.50;15.00;0.30;21.00
43836;Formacao;5.40;3.70;0.60;30.00;0.50;15.00;0.30;21.00
43837;Formacao;2.20;4.40;0.60;30.00;0.50;15.00;0.30;21.00
43838;Formacao;7.20;3.80;0.60;30.00;0.50;15.00;0.30;21.00
43839;Formacao;25.20;2.80;0.60;30.00;0.50;15.00;0.30;21.00
43840;Formacao;3.40;2.20;0.60;30.00;0.50;15.00;0.30;21.00
43841;Formacao;0.00;3.40;0.60;30.00;0.50;15.00;0.30;21.00
43842;Formacao;22.00;4.70;0.60;30.00;0.50;15.00;0.30;21.00
43843;Formacao;8.80;1.40;0.60;30.00;0.50;15.00;0.30;21.00
43844;Formacao;2.40;3.60;0.60;30.00;0.50;15.00;0.30;21.00
43845;Formacao;0.00;5.20;0.60;30.00;0.50;15.00;0.30;21.00
43846;Formacao;0.00;3.80;0.60;30.00;0.50;15.00;0.30;21.00
43847;Formacao;0.80;4.50;0.60;30.00;0.50;15.00;0.30;21.00
43848;Formacao;36.20;2.90;0.60;30.00;0.50;15.00;0.30;21.00
43849;Formacao;24.20;4.20;0.60;30.00;0.50;15.00;0.30;21.00
43850;Formacao;43.40;3.10;0.60;30.00;0.50;15.00;0.30;21.00
43851;Formacao;17.80;1.40;0.60;30.00;0.50;15.00;0.30;21.00
43852;Formacao;18.80;3.00;0.60;30.00;0.50;15.00;0.30;21.00
43853;Formacao;17.20;3.10;0.60;30.00;0.50;15.00;0.30;21.00
43854;Formacao;17.20;1.60;0.60;30.00;0.50;15.00;0.30;21.00
43855;Formacao;0.20;1.50;0.60;30.00;0.50;15.00;0.30;21.00
43856;Formacao;0.00;5.10;0.60;30.00;0.50;15.00;0.30;21.00
43857;Formacao;0.00;5.20;0.60;30.00;0.50;15.00;0.30;21.00
43858;Formacao;0.00;4.40;0.60;30.00;0.50;15.00;0.30;21.00
43859;Formacao;27.60;4.80;0.60;30.00;0.50;15.00;0.30;21.00
43860;Formacao;7.00;2.90;0.60;30.00;0.50;15.00;0.30;21.00
43861;Formacao;0.20;3.80;0.60;30.00;0.50;15.00;0.30;21.00
43862;Formacao;0.20;3.40;0.60;30.00;0.50;15.00;0.30;21.00
43863;Formacao;0.00;3.00;0.60;30.00;0.50;15.00;0.30;21.00
43864;Formacao;3.20;4.10;0.60;30.00;0.50;15.00;0.30;21.00
43865;Formacao;10.20;3.20;0.60;30.00;0.50;15.00;0.30;21.00
43866;Formacao;41.40;2.40;0.60;30.00;0.50;15.00;0.30;21.00
43867;Formacao;33.40;2.40;0.60;30.00;0.50;15.00;0.30;21.00
43868;Formacao;4.40;2.10;0.60;30.00;0.50;15.00;0.30;21.00
43869;Formacao;0.00;2.00;0.60;30.00;0.50;15.00;0.30;21.00
43870;Formacao;1.80;2.90;0.60;30.00;0.50;15.00;0.30;21.00
43871;Formacao;7.80;2.70;0.60;30.00;0.50;15.00;0.30;21.00
43872;Formacao;39.80;1.90;0.60;30.00;0.50;15.00;0.30;21.00
43873;Formacao;0.80;1.80;0.60;30.00;0.50;15.00;0.30;21.00
43874;Formacao;4.80;3.10;0.60;30.00;0.50;15.00;0.30;21.00
43875;Formacao;0.00;2.70;0.60;30.00;0.50;15.00;0.30;21.00
43876;Formacao;0.00;4.50;0.60;30.00;0.50;15.00;0.30;21.00
43877;Formacao;4.40;4.60;0.60;30.00;0.50;15.00;0.30;21.00
43878;Formacao;28.40;4.60;0.60;30.00;0.50;15.00;0.30;21.00
43879;Formacao;10.20;2.50;0.60;30.00;0.50;15.00;0.30;21.00
43880;Formacao;3.00;3.20;0.60;30.00;0.50;15.00;0.30;21.00
43881;Formacao;10.80;2.70;0.60;30.00;0.50;15.00;0.30;21.00
43882;Formacao;74.00;3.40;0.60;30.00;0.50;15.00;0.30;21.00
43883;Formacao;13.60;1.40;0.60;30.00;0.50;15.00;0.30;21.00
43884;Formacao;0.60;1.90;0.60;30.00;0.50;15.00;0.30;21.00
43885;Formacao;2.60;2.40;0.60;30.00;0.50;15.00;0.30;21.00
43886;Formacao;0.40;2.40;0.60;30.00;0.50;15.00;0.30;21.00
43887;Formacao;24.00;4.00;0.60;30.00;0.50;15.00;0.30;21.00
43888;Formacao;9.60;2.60;0.60;30.00;0.50;15.00;0.30;21.00
43889;Formacao;10.00;2.00;0.60;30.00;0.50;15.00;0.30;21.00
43890;Formacao;12.00;2.30;0.60;30.00;0.50;15.00;0.30;21.00
43891;Formacao;30.80;3.20;0.60;30.00;0.50;15.00;0.30;21.00
43892;Formacao;0.00;1.90;0.60;30.00;0.50;15.00;0.30;21.00
43893;Formacao;0.00;2.40;0.60;30.00;0.50;15.00;0.30;21.00
43894;Formacao;0.00;3.50;0.60;30.00;0.50;15.00;0.30;21.00
43895;Formacao;0.00;4.00;0.60;30.00;0.50;15.00;0.30;21.00
43896;Formacao;0.00;4.40;0.60;30.00;0.50;15.00;0.30;21.00
43897;Formacao;0.00;4.30;0.60;30.00;0.50;15.00;0.30;21.00
43898;Formacao;1.00;4.30;0.60;30.00;0.50;15.00;0.30;21.00
43899;Formacao;0.40;3.20;0.60;30.00;0.50;15.00;0.30;21.00
43900;Formacao;0.00;3.70;0.60;30.00;0.50;15.00;0.30;21.00
43901;Formacao;0.00;4.00;0.60;30.00;0.50;15.00;0.30;21.00
43902;Formacao;0.00;4.40;0.60;30.00;0.50;15.00;0.30;21.00
43903;Formacao;0.00;4.50;0.60;30.00;0.50;15.00;0.30;21.00
43904;Formacao;0.00;4.50;0.60;30.00;0.50;15.00;0.30;21.00
43905;Formacao;0.00;4.20;0.60;30.00;0.50;15.00;0.30;21.00
43906;Formacao;16.60;3.80;0.60;30.00;0.50;15.00;0.30;21.00
43907;Formacao;0.00;3.20;0.60;30.00;0.50;15.00;0.30;21.00
43908;Formacao;0.20;3.90;0.60;30.00;0.50;15.00;0.30;21.00
43909;Formacao;0.00;3.10;0.60;30.00;0.50;15.00;0.30;21.00
43910;Formacao;11.20;3.10;0.60;30.00;0.50;15.00;0.30;21.00
43911;Formacao;11.60;2.60;0.60;30.00;0.50;15.00;0.30;21.00
43912;Formacao;2.20;2.00;0.60;30.00;0.50;15.00;0.30;21.00
43913;Formacao;0.20;1.40;0.60;30.00;0.50;15.00;0.30;21.00
43914;Formacao;0.00;4.10;0.60;30.00;0.50;15.00;0.30;21.00
43915;Formacao;0.00;4.00;0.60;30.00;0.50;15.00;0.30;21.00
43916;Formacao;0.00;4.20;0.60;30.00;0.50;15.00;0.30;21.00
43917;Formacao;0.20;4.10;0.60;30.00;0.50;15.00;0.30;21.00
43918;Formacao;0.20;4.10;0.60;30.00;0.50;15.00;0.30;21.00
43919;Formacao;3.00;3.10;0.60;30.00;0.50;15.00;0.30;21.00
43920;Formacao;7.00;1.50;0.60;30.00;0.50;15.00;0.30;21.00
43921;Formacao;0.00;2.50;0.60;30.00;0.50;15.00;0.30;21.00
43922;Formacao;0.00;3.70;0.60;30.00;0.50;15.00;0.30;21.00
43923;Formacao;0.00;3.60;0.60;30.00;0.50;15.00;0.30;21.00
43924;Formacao;7.40;3.10;0.60;30.00;0.50;15.00;0.30;21.00
43925;Formacao;0.20;2.80;0.60;30.00;0.50;15.00;0.30;21.00
43926;Formacao;0.00;3.60;0.60;30.00;0.50;15.00;0.30;21.00
43927;Formacao;0.00;3.80;0.60;30.00;0.50;15.00;0.30;21.00
43928;Formacao;0.00;3.80;0.60;30.00;0.50;15.00;0.30;21.00
43929;Formacao;0.00;3.40;0.60;30.00;0.50;15.00;0.30;21.00
43930;Formacao;0.00;3.00;0.60;30.00;0.50;15.00;0.30;21.00
43931;Formacao;0.00;4.00;0.60;30.00;0.50;15.00;0.30;21.00
43932;Formacao;0.00;4.00;0.60;30.00;0.50;15.00;0.30;21.00
43933;Formacao;0.00;4.00;0.60;30.00;0.50;15.00;0.30;21.00
43934;Formacao;1.00;3.20;0.60;30.00;0.50;15.00;0.30;21.00
43935;Formacao;16.80;2.80;0.60;30.00;0.50;15.00;0.30;21.00
43936;Formacao;0.20;1.70;0.60;30.00;0.50;15.00;0.30;21.00
43937;Formacao;0.00;2.60;0.60;30.00;0.50;15.00;0.30;21.00
43938;Formacao;0.00;2.10;0.60;30.00;0.50;15.00;0.30;21.00
43939;Formacao;0.00;3.60;0.60;30.00;0.50;15.00;0.30;21.00
43940;Formacao;0.00;3.10;0.60;30.00;0.50;15.00;0.30;21.00
43941;Formacao;0.00;1.70;0.60;30.00;0.50;15.00;0.30;21.00
43942;Formacao;0.00;3.40;0.60;30.00;0.50;15.00;0.30;21.00
43943;Formacao;0.00;2.90;0.60;30.00;0.50;15.00;0.30;21.00
43944;Formacao;0.00;2.80;0.60;30.00;0.50;15.00;0.30;21.00
43945;Formacao;0.00;3.30;0.60;30.00;0.50;15.00;0.30;21.00
43946;Formacao;0.00;3.30;0.60;30.00;0.50;15.00;0.30;21.00
43947;Formacao;0.00;3.60;0.60;30.00;0.50;15.00;0.30;21.00
43948;Formacao;0.00;3.50;0.60;30.00;0.50;15.00;0.30;21.00
43949;Formacao;0.00;3.20;0.60;30.00;0.50;15.00;0.30;21.00
43950;Formacao;0.00;3.00;0.60;30.00;0.50;15.00;0.30;21.00
43951;Formacao;0.00;3.60;0.60;30.00;0.50;15.00;0.30;21.00
43952;Formacao;0.00;3.50;0.60;30.00;0.50;15.00;0.30;21.00
43953;Formacao;0.00;3.50;0.60;30.00;0.50;15.00;0.30;21.00
43954;Formacao;0.00;2.70;0.60;30.00;0.50;15.00;0.30;21.00
43955;Formacao;0.00;3.10;0.60;30.00;0.50;15.00;0.30;21.00
43956;Formacao;0.00;3.50;0.60;30.00;0.50;15.00;0.30;21.00
43957;Formacao;0.00;3.00;0.60;30.00;0.50;15.00;0.30;21.00
43958;Formacao;0.00;2.60;0.60;30.00;0.50;15.00;0.30;21.00
43959;Formacao;0.00;1.70;0.60;30.00;0.50;15.00;0.30;21.00
43960;Formacao;0.00;3.20;0.60;30.00;0.50;15.00;0.30;21.00
43961;Formacao;0.00;3.30;0.60;30.00;0.50;15.00;0.30;21.00
43962;Formacao;0.00;3.30;0.60;30.00;0.50;15.00;0.30;21.00
43963;Formacao;0.00;3.30;0.60;30.00;0.50;15.00;0.30;21.00
43964;Formacao;0.00;3.20;0.60;30.00;0.50;15.00;0.30;21.00
43965;Formacao;0.20;2.40;0.60;30.00;0.50;15.00;0.30;21.00
43966;Formacao;0.00;1.10;0.60;30.00;0.50;15.00;0.30;21.00
43967;Formacao;0.00;1.90;0.60;30.00;0.50;15.00;0.30;21.00
43968;Formacao;0.00;2.60;0.60;30.00;0.50;15.00;0.30;21.00
43969;Formacao;0.00;3.20;0.60;30.00;0.50;15.00;0.30;21.00
43970;Formacao;0.00;3.30;0.60;30.00;0.50;15.00;0.30;21.00
43971;Formacao;0.00;2.90;0.60;30.00;0.50;15.00;0.30;21.00
43972;Formacao;0.00;2.80;0.60;30.00;0.50;15.00;0.30;21.00
43973;Formacao;0.00;3.10;0.60;30.00;0.50;15.00;0.30;21.00
43974;Formacao;10.00;2.80;0.60;30.00;0.50;15.00;0.30;21.00
43975;Formacao;22.60;0.70;0.60;30.00;0.50;15.00;0.30;21.00
43978;Formacao;0.00;2.90;0.60;30.00;0.50;15.00;0.30;21.00
43981;Formacao;0.00;3.00;0.60;30.00;0.50;15.00;0.30;21.00
43982;Formacao;0.00;3.00;0.60;30.00;0.50;15.00;0.30;21.00
44033;Formacao;0.00;3.10;0.60;30.00;0.50;15.00;0.30;21.00
44034;Formacao;0.00;3.20;0.60;30.00;0.50;15.00;0.30;21.00
44035;Formacao;0.00;3.20;0.60;30.00;0.50;15.00;0.30;21.00
44036;Formacao;0.00;3.10;0.60;30.00;0.50;15.00;0.30;21.00
44037;Formacao;0.00;3.20;0.60;30.00;0.50;15.00;0.30;21.00
44038;Formacao;0.00;3.10;0.60;30.00;0.50;15.00;0.30;21.00
44039;Formacao;0.00;3.20;0.60;30.00;0.50;15.00;0.30;21.00
44040;Formacao;0.00;2.50;0.60;30.00;0.50;15.00;0.30;21.00
44041;Formacao;0.00;2.80;0.60;30.00;0.50;15.00;0.30;21.00
44042;Formacao;0.00;2.80;0.60;30.00;0.50;15.00;0.30;21.00
44043;Formacao;0.00;2.70;0.60;30.00;0.50;15.00;0.30;21.00
44044;Formacao;0.00;2.90;0.60;30.00;0.50;15.00;0.30;21.00
44045;Formacao;0.00;2.30;0.60;30.00;0.50;15.00;0.30;21.00
44046;Formacao;0.00;3.10;0.60;30.00;0.50;15.00;0.30;21.00
44047;Formacao;0.00;3.30;0.60;30.00;0.50;15.00;0.30;21.00
44048;Formacao;0.00;3.40;0.60;30.00;0.50;15.00;0.30;21.00
44049;Formacao;0.00;3.40;0.60;30.00;0.50;15.00;0.30;21.00
44050;Formacao;0.00;3.30;0.60;30.00;0.50;15.00;0.30;21.00
44051;Formacao;0.00;3.40;0.60;30.00;0.50;15.00;0.30;21.00
44052;Formacao;0.00;3.00;0.60;30.00;0.50;15.00;0.30;21.00
44053;Formacao;0.00;3.30;0.60;30.00;0.50;15.00;0.30;21.00
44054;Formacao;0.00;3.20;0.60;30.00;0.50;15.00;0.30;21.00
44055;Formacao;0.00;3.20;0.60;30.00;0.50;15.00;0.30;21.00
44056;Formacao;0.00;3.50;0.60;30.00;0.50;15.00;0.30;21.00
44057;Formacao;0.00;3.40;0.60;30.00;0.50;15.00;0.30;21.00
44058;Formacao;0.00;3.50;0.60;30.00;0.50;15.00;0.30;21.00
44059;Formacao;0.00;3.50;0.60;30.00;0.50;15.00;0.30;21.00
44060;Formacao;0.00;2.90;0.60;30.00;0.50;15.00;0.30;21.00
44061;Formacao;0.00;2.60;0.60;30.00;0.50;15.00;0.30;21.00
44062;Formacao;0.00;3.10;0.60;30.00;0.50;15.00;0.30;21.00
44063;Formacao;0.00;3.60;0.60;30.00;0.50;15.00;0.30;21.00
44064;Formacao;1.20;3.30;0.60;30.00;0.50;15.00;0.30;21.00
44066;Formacao;0.00;1.00;0.60;30.00;0.50;15.00;0.30;21.00
44067;Formacao;0.00;3.20;0.60;30.00;0.50;15.00;0.30;21.00
44068;Formacao;0.00;3.70;0.60;30.00;0.50;15.00;0.30;21.00
44069;Formacao;0.00;3.80;0.60;30.00;0.50;15.00;0.30;21.00
44070;Formacao;0.00;4.00;0.60;30.00;0.50;15.00;0.30;21.00
44071;Formacao;0.00;4.00;0.60;30.00;0.50;15.00;0.30;21.00
44072;Formacao;0.00;4.00;0.60;30.00;0.50;15.00;0.30;21.00
44073;Formacao;0.00;4.10;0.60;30.00;0.50;15.00;0.30;21.00
44074;Formacao;0.00;4.20;0.60;30.00;0.50;15.00;0.30;21.00
44075;Formacao;0.00;4.20;0.60;30.00;0.50;15.00;0.30;21.00
44076;Formacao;0.00;4.00;0.60;30.00;0.50;15.00;0.30;21.00
44077;Formacao;0.00;4.00;0.60;30.00;0.50;15.00;0.30;21.00
44078;Formacao;0.00;4.20;0.60;30.00;0.50;15.00;0.30;21.00
44079;Formacao;0.00;4.20;0.60;30.00;0.50;15.00;0.30;21.00
44080;Formacao;0.00;4.30;0.60;30.00;0.50;15.00;0.30;21.00
44081;Formacao;0.00;4.30;0.60;30.00;0.50;15.00;0.30;21.00
44082;Formacao;0.00;4.40;0.60;30.00;0.50;15.00;0.30;21.00
44083;Formacao;0.00;4.40;0.60;30.00;0.50;15.00;0.30;21.00
44084;Formacao;0.00;4.40;0.60;30.00;0.50;15.00;0.30;21.00
44085;Formacao;0.00;4.40;0.60;30.00;0.50;15.00;0.30;21.00
44086;Formacao;0.00;4.40;0.60;30.00;0.50;15.00;0.30;21.00
44087;Formacao;0.00;4.30;0.60;30.00;0.50;15.00;0.30;21.00
44088;Formacao;0.00;4.40;0.60;30.00;0.50;15.00;0.30;21.00
44089;Formacao;0.00;4.40;0.60;30.00;0.50;15.00;0.30;21.00
44090;Formacao;0.00;3.80;0.60;30.00;0.50;15.00;0.30;21.00
44091;Formacao;0.00;4.40;0.60;30.00;0.50;15.00;0.30;21.00
44092;Formacao;0.00;4.40;0.60;30.00;0.50;15.00;0.30;21.00
44093;Formacao;0.00;4.30;0.60;30.00;0.50;15.00;0.30;21.00
44094;Formacao;0.00;2.00;0.60;30.00;0.50;15.00;0.30;21.00
44095;Formacao;0.00;1.70;0.60;30.00;0.50;15.00;0.30;21.00
44096;Formacao;1.00;2.00;0.60;30.00;0.50;15.00;0.30;21.00
44097;Formacao;0.00;1.90;0.60;30.00;0.50;15.00;0.30;21.00
44098;Formacao;0.00;1.80;0.60;30.00;0.50;15.00;0.30;21.00
44099;Formacao;0.00;4.80;0.60;30.00;0.50;15.00;0.30;21.00
44100;Formacao;0.00;4.90;0.60;30.00;0.50;15.00;0.30;21.00
44101;Formacao;0.00;5.00;0.60;30.00;0.50;15.00;0.30;21.00
44102;Formacao;0.00;5.10;0.60;30.00;0.50;15.00;0.30;21.00
44103;Formacao;0.00;4.80;0.60;30.00;0.50;15.00;0.30;21.00
44104;Formacao;0.00;4.70;0.60;30.00;0.50;15.00;0.30;21.00
44105;Formacao;0.00;3.90;0.60;30.00;0.50;15.00;0.30;21.00
44106;Formacao;0.00;4.60;0.60;30.00;0.50;15.00;0.30;21.00
44107;Formacao;0.00;4.90;0.60;30.00;0.50;15.00;0.30;21.00
44108;Formacao;0.00;4.40;0.60;30.00;0.50;15.00;0.30;21.00
44109;Formacao;0.00;4.70;0.60;30.00;0.50;15.00;0.30;21.00
44110;Formacao;21.60;4.30;0.60;30.00;0.50;15.00;0.30;21.00
44111;Formacao;0.00;4.50;0.60;30.00;0.50;15.00;0.30;21.00
44112;Formacao;0.00;4.50;0.60;30.00;0.50;15.00;0.30;21.00
44113;Formacao;0.20;3.80;0.60;30.00;0.50;15.00;0.30;21.00
44114;Formacao;2.80;1.40;0.60;30.00;0.50;15.00;0.30;21.00
44115;Formacao;0.00;3.30;0.60;30.00;0.50;15.00;0.30;21.00
44116;Formacao;0.00;4.00;0.60;30.00;0.50;15.00;0.30;21.00
44117;Formacao;0.00;4.10;0.60;30.00;0.50;15.00;0.30;21.00
44118;Formacao;28.40;4.70;0.60;30.00;0.50;15.00;0.30;21.00
44119;Formacao;17.60;3.70;0.60;30.00;0.50;15.00;0.30;21.00
44120;Formacao;0.00;2.00;0.60;30.00;0.50;15.00;0.30;21.00
44121;Formacao;7.00;2.20;0.60;30.00;0.50;15.00;0.30;21.00
44122;Formacao;0.80;4.10;0.60;30.00;0.50;15.00;0.30;21.00
44123;Formacao;3.20;3.60;0.60;30.00;0.50;15.00;0.30;21.00
44124;Formacao;7.20;2.80;0.60;30.00;0.50;15.00;0.30;21.00
44125;Formacao;4.80;1.50;0.60;30.00;0.50;15.00;0.30;21.00
44126;Formacao;0.00;3.00;0.60;30.00;0.50;15.00;0.30;21.00
44127;Formacao;0.00;4.50;0.60;30.00;0.50;15.00;0.30;21.00
44128;Formacao;3.00;3.30;0.60;30.00;0.50;15.00;0.30;21.00
44129;Formacao;16.40;1.10;0.60;30.00;0.50;15.00;0.30;21.00
44130;Formacao;0.20;3.10;0.60;30.00;0.50;15.00;0.30;21.00
44131;Formacao;0.00;3.50;0.60;30.00;0.50;15.00;0.30;21.00
44132;Formacao;0.00;4.10;0.60;30.00;0.50;15.00;0.30;21.00
44133;Formacao;3.80;5.30;0.60;30.00;0.50;15.00;0.30;21.00
44134;Formacao;8.20;3.10;0.60;30.00;0.50;15.00;0.30;21.00
44135;Formacao;0.00;1.70;0.60;30.00;0.50;15.00;0.30;21.00
44136;Formacao;0.00;2.90;0.60;30.00;0.50;15.00;0.30;21.00
44137;Formacao;0.00;4.50;0.60;30.00;0.50;15.00;0.30;21.00
44138;Formacao;1.40;5.00;0.60;30.00;0.50;15.00;0.30;21.00
44139;Formacao;0.00;3.70;0.60;30.00;0.50;15.00;0.30;21.00
44140;Formacao;0.00;4.30;0.60;30.00;0.50;15.00;0.30;21.00
44141;Formacao;0.00;4.90;0.60;30.00;0.50;15.00;0.30;21.00
44142;Formacao;0.00;5.30;0.60;30.00;0.50;15.00;0.30;21.00
44143;Formacao;0.00;5.20;0.60;30.00;0.50;15.00;0.30;21.00
44144;Formacao;0.00;5.30;0.60;30.00;0.50;15.00;0.30;21.00
44145;Formacao;16.40;4.80;0.60;30.00;0.50;15.00;0.30;21.00
44146;Formacao;15.00;3.20;0.60;30.00;0.50;15.00;0.30;21.00
44147;Formacao;31.80;3.10;0.60;30.00;0.50;15.00;0.30;21.00
44148;Formacao;12.80;4.60;0.60;30.00;0.50;15.00;0.30;21.00
44149;Formacao;7.80;3.70;0.60;30.00;0.50;15.00;0.30;21.00
44150;Formacao;0.00;3.20;0.60;30.00;0.50;15.00;0.30;21.00
44151;Formacao;5.00;4.70;0.60;30.00;0.50;15.00;0.30;21.00
44152;Formacao;0.40;3.30;0.60;30.00;0.50;15.00;0.30;21.00
44153;Formacao;1.00;4.50;0.60;30.00;0.50;15.00;0.30;21.00
44154;Formacao;5.60;2.50;0.60;30.00;0.50;15.00;0.30;21.00
44155;Formacao;0.00;3.70;0.60;30.00;0.50;15.00;0.30;21.00
44156;Formacao;0.00;5.00;0.60;30.00;0.50;15.00;0.30;21.00
44157;Formacao;0.60;5.20;0.60;30.00;0.50;15.00;0.30;21.00
44158;Formacao;4.20;4.80;0.60;30.00;0.50;15.00;0.30;21.00
44159;Formacao;0.00;4.10;0.60;30.00;0.50;15.00;0.30;21.00
44160;Formacao;0.20;4.70;0.60;30.00;0.50;15.00;0.30;21.00
44161;Formacao;4.20;4.70;0.60;30.00;0.50;15.00;0.30;21.00
44162;Formacao;0.00;4.80;0.60;30.00;0.50;15.00;0.30;21.00
44163;Formacao;0.00;5.30;0.60;30.00;0.50;15.00;0.30;21.00
44164;Formacao;0.00;5.20;0.60;30.00;0.50;15.00;0.30;21.00
44165;Formacao;0.00;4.90;0.60;30.00;0.50;15.00;0.30;21.00
44166;Formacao;9.20;4.30;0.60;30.00;0.50;15.00;0.30;21.00
44167;Formacao;24.00;4.00;0.60;30.00;0.50;15.00;0.30;21.00
44168;Formacao;0.00;1.90;0.60;30.00;0.50;15.00;0.30;21.00
44169;Formacao;0.00;3.60;0.60;30.00;0.50;15.00;0.30;21.00
44170;Formacao;1.00;3.70;0.60;30.00;0.50;15.00;0.30;21.00
44171;Formacao;18.00;2.80;0.60;30.00;0.50;15.00;0.30;21.00
44172;Formacao;1.00;2.80;0.60;30.00;0.50;15.00;0.30;21.00
44173;Formacao;0.40;2.00;0.60;30.00;0.50;15.00;0.30;21.00
44174;Formacao;7.80;3.10;0.60;30.00;0.50;15.00;0.30;21.00
44175;Formacao;0.80;3.80;0.60;30.00;0.50;15.00;0.30;21.00
44176;Formacao;4.20;3.20;0.60;30.00;0.50;15.00;0.30;21.00
44177;Formacao;8.60;1.80;0.60;30.00;0.50;15.00;0.30;21.00
44178;Formacao;12.80;3.20;0.60;30.00;0.50;15.00;0.30;21.00
44179;Formacao;0.80;1.70;0.60;30.00;0.50;15.00;0.30;21.00
44180;Formacao;9.80;3.90;0.60;30.00;0.50;15.00;0.30;21.00
44181;Formacao;1.80;4.60;0.60;30.00;0.50;15.00;0.30;21.00
44182;Formacao;0.00;3.90;0.60;30.00;0.50;15.00;0.30;21.00
44183;Formacao;5.00;3.50;0.60;30.00;0.50;15.00;0.30;21.00
44184;Formacao;3.00;5.00;0.60;30.00;0.50;15.00;0.30;21.00
44185;Formacao;32.20;4.70;0.60;30.00;0.50;15.00;0.30;21.00
44186;Formacao;0.00;2.60;0.60;30.00;0.50;15.00;0.30;21.00
44187;Formacao;41.40;4.10;0.60;30.00;0.50;15.00;0.30;21.00
44188;Formacao;3.40;2.20;0.60;30.00;0.50;15.00;0.30;21.00
44189;Formacao;4.40;2.40;0.60;30.00;0.50;15.00;0.30;21.00
44190;Formacao;2.20;2.90;0.60;30.00;0.50;15.00;0.30;21.00
44191;Formacao;0.20;3.10;0.60;30.00;0.50;15.00;0.30;21.00
44192;Formacao;27.60;2.70;0.60;30.00;0.50;15.00;0.30;21.00
44193;Formacao;10.20;1.90;0.60;30.00;0.50;15.00;0.30;21.00
44194;Formacao;17.60;2.50;0.60;30.00;0.50;15.00;0.30;21.00
44195;Formacao;1.00;2.80;0.60;30.00;0.50;15.00;0.30;21.00
44652;Maturacao;10.60;3.30;0.85;75.00;0.50;37.50;0.50;37.50
44653;Maturacao;1.80;1.70;0.85;75.00;0.50;37.50;0.50;37.50
44654;Maturacao;0.00;3.60;0.85;75.00;0.50;37.50;0.50;37.50
44655;Maturacao;1.40;3.90;0.85;75.00;0.50;37.50;0.50;37.50
44656;Maturacao;3.40;3.60;0.85;75.00;0.50;37.50;0.50;37.50
44657;Maturacao;24.20;3.10;0.85;75.00;0.50;37.50;0.50;37.50
44658;Maturacao;0.00;3.00;0.85;75.00;0.50;37.50;0.50;37.50
44659;Maturacao;0.00;3.70;0.85;75.00;0.50;37.50;0.50;37.50
44660;Maturacao;1.40;3.60;0.85;75.00;0.50;37.50;0.50;37.50
44661;Maturacao;0.00;2.80;0.85;75.00;0.50;37.50;0.50;37.50
44662;Maturacao;0.00;3.30;0.85;75.00;0.50;37.50;0.50;37.50
44663;Maturacao;3.20;3.80;0.85;75.00;0.50;37.50;0.50;37.50
44664;Maturacao;4.20;2.50;0.85;75.00;0.50;37.50;0.50;37.50
44665;Maturacao;0.00;3.20;0.85;75.00;0.50;37.50;0.50;37.50
44666;Maturacao;0.00;3.10;0.85;75.00;0.50;37.50;0.50;37.50
44668;Maturacao;0.00;3.70;0.85;75.00;0.50;37.50;0.50;37.50
44669;Maturacao;0.00;3.40;0.85;75.00;0.50;37.50;0.50;37.50
44670;Maturacao;0.00;3.30;0.85;75.00;0.50;37.50;0.50;37.50
44671;Maturacao;0.00;2.80;0.85;75.00;0.50;37.50;0.50;37.50
44672;Maturacao;0.00;3.00;0.85;75.00;0.50;37.50;0.50;37.50
44673;Maturacao;0.00;3.50;0.85;75.00;0.50;37.50;0.50;37.50
44674;Maturacao;0.00;3.00;0.85;75.00;0.50;37.50;0.50;37.50
44675;Maturacao;0.00;3.30;0.85;75.00;0.50;37.50;0.50;37.50
44676;Maturacao;0.00;3.40;0.85;75.00;0.50;37.50;0.50;37.50
44677;Maturacao;0.00;2.90;0.85;75.00;0.50;37.50;0.50;37.50
44678;Maturacao;0.00;3.30;0.85;75.00;0.50;37.50;0.50;37.50
44679;Maturacao;0.00;5.30;0.85;75.00;0.50;37.50;0.50;37.50
44680;Maturacao;0.00;6.40;0.85;75.00;0.50;37.50;0.50;37.50
44681;Maturacao;1.60;5.40;0.85;75.00;0.50;37.50;0.50;37.50
44682;Maturacao;0.00;4.30;0.85;75.00;0.50;37.50;0.50;37.50
44683;Maturacao;0.00;4.20;0.85;75.00;0.50;37.50;0.50;37.50
44684;Maturacao;0.00;4.20;0.85;75.00;0.50;37.50;0.50;37.50
44685;Maturacao;4.20;5.00;0.85;75.00;0.50;37.50;0.50;37.50
44686;Maturacao;0.20;0.40;0.85;75.00;0.50;37.50;0.50;37.50
44687;Maturacao;0.00;3.60;0.85;75.00;0.50;37.50;0.50;37.50
44688;Maturacao;0.00;5.00;0.85;75.00;0.50;37.50;0.50;37.50
44689;Maturacao;0.00;4.20;0.85;75.00;0.50;37.50;0.50;37.50
44690;Maturacao;0.00;3.40;0.85;75.00;0.50;37.50;0.50;37.50
44691;Maturacao;0.00;3.20;0.85;75.00;0.50;37.50;0.50;37.50
44692;Maturacao;1.20;5.50;0.85;75.00;0.50;37.50;0.50;37.50
44693;Maturacao;0.20;2.40;0.85;75.00;0.50;37.50;0.50;37.50
44694;Maturacao;0.00;2.60;0.85;75.00;0.50;37.50;0.50;37.50
44695;Maturacao;0.00;4.50;0.85;75.00;0.50;37.50;0.50;37.50
44696;Maturacao;26.80;4.70;0.85;75.00;0.50;37.50;0.50;37.50
44697;Maturacao;10.40;1.10;0.85;75.00;0.50;37.50;0.50;37.50
44698;Maturacao;0.00;1.30;0.85;75.00;0.50;37.50;0.50;37.50
44703;Maturacao;0.00;4.80;0.85;75.00;0.50;37.50;0.50;37.50
44704;Maturacao;0.00;5.40;0.85;75.00;0.50;37.50;0.50;37.50
44705;Maturacao;0.00;5.20;0.85;75.00;0.50;37.50;0.50;37.50
44706;Maturacao;0.00;5.60;0.85;75.00;0.50;37.50;0.50;37.50
44707;Maturacao;0.00;4.30;0.85;75.00;0.50;37.50;0.50;37.50
44708;Maturacao;0.00;4.40;0.85;75.00;0.50;37.50;0.50;37.50
44709;Maturacao;0.00;4.80;0.85;75.00;0.50;37.50;0.50;37.50
44710;Maturacao;0.00;4.50;0.85;75.00;0.50;37.50;0.50;37.50
44711;Maturacao;0.00;5.30;0.85;75.00;0.50;37.50;0.50;37.50
44712;Maturacao;0.00;4.60;0.85;75.00;0.50;37.50;0.50;37.50
44713;Maturacao;0.00;3.90;0.85;75.00;0.50;37.50;0.50;37.50
44714;Maturacao;0.00;4.70;0.85;75.00;0.50;37.50;0.50;37.50
44715;Maturacao;0.00;5.60;0.85;75.00;0.50;37.50;0.50;37.50
44716;Maturacao;0.00;3.10;0.85;75.00;0.50;37.50;0.50;37.50
44717;Maturacao;0.00;4.40;0.85;75.00;0.50;37.50;0.50;37.50
44718;Maturacao;0.00;4.60;0.85;75.00;0.50;37.50;0.50;37.50
44719;Maturacao;0.00;4.50;0.85;75.00;0.50;37.50;0.50;37.50
44720;Maturacao;0.20;4.60;0.85;75.00;0.50;37.50;0.50;37.50
44721;Maturacao;0.40;1.50;0.85;75.00;0.50;37.50;0.50;37.50
44722;Maturacao;4.60;1.40;0.85;75.00;0.50;37.50;0.50;37.50
44723;Maturacao;0.00;2.30;0.85;75.00;0.50;37.50;0.50;37.50
44724;Maturacao;0.00;1.90;0.85;75.00;0.50;37.50;0.50;37.50
44726;Maturacao;0.00;5.00;0.85;75.00;0.50;37.50;0.50;37.50
44727;Maturacao;0.00;4.50;0.85;75.00;0.50;37.50;0.50;37.50
44728;Maturacao;0.00;5.20;0.85;75.00;0.50;37.50;0.50;37.50
44729;Maturacao;0.00;5.30;0.85;75.00;0.50;37.50;0.50;37.50
44730;Maturacao;0.80;5.20;0.85;75.00;0.50;37.50;0.50;37.50
44731;Maturacao;0.20;1.20;0.85;75.00;0.50;37.50;0.50;37.50
44732;Maturacao;0.00;3.70;0.85;75.00;0.50;37.50;0.50;37.50
44733;Maturacao;0.00;4.50;0.85;75.00;0.50;37.50;0.50;37.50
44734;Maturacao;0.00;4.60;0.85;75.00;0.50;37.50;0.50;37.50
44735;Maturacao;0.00;5.80;0.85;75.00;0.50;37.50;0.50;37.50
44736;Maturacao;0.00;5.30;0.85;75.00;0.50;37.50;0.50;37.50
44737;Maturacao;0.00;5.50;0.85;75.00;0.50;37.50;0.50;37.50
44738;Maturacao;0.00;4.60;0.85;75.00;0.50;37.50;0.50;37.50
44739;Maturacao;0.00;4.80;0.85;75.00;0.50;37.50;0.50;37.50
44740;Maturacao;0.00;4.60;0.85;75.00;0.50;37.50;0.50;37.50
44741;Maturacao;0.00;4.70;0.85;75.00;0.50;37.50;0.50;37.50
44742;Maturacao;0.00;4.60;0.85;75.00;0.50;37.50;0.50;37.50
45017;Maturacao;6.20;4.80;0.85;75.00;0.50;37.50;0.50;37.50
45018;Maturacao;0.00;4.70;0.85;75.00;0.50;37.50;0.50;37.50
45019;Maturacao;4.60;5.70;0.85;75.00;0.50;37.50;0.50;37.50
45020;Maturacao;6.40;2.90;0.85;75.00;0.50;37.50;0.50;37.50
45021;Maturacao;5.80;3.50;0.85;75.00;0.50;37.50;0.50;37.50
45022;Maturacao;30.40;4.20;0.85;75.00;0.50;37.50;0.50;37.50
45023;Maturacao;1.60;3.90;0.85;75.00;0.50;37.50;0.50;37.50
45024;Maturacao;16.00;3.00;0.85;75.00;0.50;37.50;0.50;37.50
45025;Maturacao;24.20;2.90;0.85;75.00;0.50;37.50;0.50;37.50
45026;Maturacao;0.20;1.80;0.85;75.00;0.50;37.50;0.50;37.50
45027;Maturacao;0.00;4.70;0.85;75.00;0.50;37.50;0.50;37.50
45028;Maturacao;45.80;4.00;0.85;75.00;0.50;37.50;0.50;37.50
45029;Maturacao;0.20;2.00;0.85;75.00;0.50;37.50;0.50;37.50
45030;Maturacao;4.20;3.40;0.85;75.00;0.50;37.50;0.50;37.50
45031;Maturacao;8.00;1.50;0.85;75.00;0.50;37.50;0.50;37.50
45032;Maturacao;0.00;3.40;0.85;75.00;0.50;37.50;0.50;37.50
45033;Maturacao;0.00;4.00;0.85;75.00;0.50;37.50;0.50;37.50
45034;Maturacao;5.00;3.40;0.85;75.00;0.50;37.50;0.50;37.50
45035;Maturacao;21.40;2.40;0.85;75.00;0.50;37.50;0.50;37.50
45036;Maturacao;0.00;1.80;0.85;75.00;0.50;37.50;0.50;37.50
45037;Maturacao;0.00;3.90;0.85;75.00;0.50;37.50;0.50;37.50
45038;Maturacao;0.00;5.30;0.85;75.00;0.50;37.50;0.50;37.50
45039;Maturacao;0.00;3.10;0.85;75.00;0.50;37.50;0.50;37.50
45040;Maturacao;0.00;4.10;0.85;75.00;0.50;37.50;0.50;37.50
45041;Maturacao;0.00;4.80;0.85;75.00;0.50;37.50;0.50;37.50
45042;Maturacao;1.20;4.30;0.85;75.00;0.50;37.50;0.50;37.50
45043;Maturacao;0.20;2.50;0.85;75.00;0.50;37.50;0.50;37.50
45044;Maturacao;0.00;3.60;0.85;75.00;0.50;37.50;0.50;37.50
45045;Maturacao;0.00;3.50;0.85;75.00;0.50;37.50;0.50;37.50
45046;Maturacao;0.00;4.00;0.85;75.00;0.50;37.50;0.50;37.50
45047;Maturacao;0.00;4.30;0.85;75.00;0.50;37.50;0.50;37.50
45048;Maturacao;0.00;4.30;0.85;75.00;0.50;37.50;0.50;37.50
45049;Maturacao;0.00;5.50;0.85;75.00;0.50;37.50;0.50;37.50
45050;Maturacao;0.00;5.00;0.85;75.00;0.50;37.50;0.50;37.50
45051;Maturacao;0.00;5.20;0.85;75.00;0.50;37.50;0.50;37.50
45052;Maturacao;0.00;4.60;0.85;75.00;0.50;37.50;0.50;37.50
45053;Maturacao;0.00;4.30;0.85;75.00;0.50;37.50;0.50;37.50
45054;Maturacao;0.00;4.50;0.85;75.00;0.50;37.50;0.50;37.50
45055;Maturacao;0.00;4.50;0.85;75.00;0.50;37.50;0.50;37.50
45056;Maturacao;0.00;3.80;0.85;75.00;0.50;37.50;0.50;37.50
45057;Maturacao;0.00;2.50;0.85;75.00;0.50;37.50;0.50;37.50
45058;Maturacao;0.00;3.60;0.85;75.00;0.50;37.50;0.50;37.50
45059;Maturacao;0.00;4.60;0.85;75.00;0.50;37.50;0.50;37.50
45060;Maturacao;0.00;4.10;0.85;75.00;0.50;37.50;0.50;37.50
45061;Maturacao;0.00;4.90;0.85;75.00;0.50;37.50;0.50;37.50
45062;Maturacao;0.00;5.00;0.85;75.00;0.50;37.50;0.50;37.50
45064;Maturacao;0.00;5.30;0.85;75.00;0.50;37.50;0.50;37.50
45065;Maturacao;0.00;5.10;0.85;75.00;0.50;37.50;0.50;37.50
45066;Maturacao;0.00;4.90;0.85;75.00;0.50;37.50;0.50;37.50
45067;Maturacao;0.00;4.60;0.85;75.00;0.50;37.50;0.50;37.50
45068;Maturacao;0.00;4.60;0.85;75.00;0.50;37.50;0.50;37.50
45069;Maturacao;0.00;4.50;0.85;75.00;0.50;37.50;0.50;37.50
45070;Maturacao;0.00;3.90;0.85;75.00;0.50;37.50;0.50;37.50
45071;Maturacao;0.00;4.00;0.85;75.00;0.50;37.50;0.50;37.50
45072;Maturacao;0.00;4.60;0.85;75.00;0.50;37.50;0.50;37.50
45073;Maturacao;0.00;4.70;0.85;75.00;0.50;37.50;0.50;37.50
45074;Maturacao;0.00;4.60;0.85;75.00;0.50;37.50;0.50;37.50
45075;Maturacao;0.00;3.70;0.85;75.00;0.50;37.50;0.50;37.50
45076;Maturacao;0.00;3.00;0.85;75.00;0.50;37.50;0.50;37.50
45077;Maturacao;32.60;2.80;0.85;75.00;0.50;37.50;0.50;37.50
45078;Maturacao;0.20;0.70;0.85;75.00;0.50;37.50;0.50;37.50
45079;Maturacao;0.40;2.70;0.85;75.00;0.50;37.50;0.50;37.50
45080;Maturacao;0.00;3.60;0.85;75.00;0.50;37.50;0.50;37.50
45081;Maturacao;0.00;3.80;0.85;75.00;0.50;37.50;0.50;37.50
45082;Maturacao;0.00;4.50;0.85;75.00;0.50;37.50;0.50;37.50
45083;Maturacao;0.00;4.30;0.85;75.00;0.50;37.50;0.50;37.50
45084;Maturacao;0.00;4.40;0.85;75.00;0.50;37.50;0.50;37.50
45085;Maturacao;0.00;4.50;0.85;75.00;0.50;37.50;0.50;37.50
45086;Maturacao;0.00;4.30;0.85;75.00;0.50;37.50;0.50;37.50
45087;Maturacao;0.00;4.80;0.85;75.00;0.50;37.50;0.50;37.50
45088;Maturacao;0.00;5.10;0.85;75.00;0.50;37.50;0.50;37.50
45089;Maturacao;0.00;5.10;0.85;75.00;0.50;37.50;0.50;37.50
45090;Maturacao;0.80;4.50;0.85;75.00;0.50;37.50;0.50;37.50
45091;Maturacao;0.00;2.30;0.85;75.00;0.50;37.50;0.50;37.50
45092;Maturacao;2.20;2.20;0.85;75.00;0.50;37.50;0.50;37.50
45093;Maturacao;0.40;0.70;0.85;75.00;0.50;37.50;0.50;37.50
45094;Maturacao;0.00;0.40;0.85;75.00;0.50;37.50;0.50;37.50
45096;Maturacao;0.00;3.90;0.85;75.00;0.50;37.50;0.50;37.50
45097;Maturacao;0.00;4.80;0.85;75.00;0.50;37.50;0.50;37.50
45098;Maturacao;0.00;5.00;0.85;75.00;0.50;37.50;0.50;37.50
45099;Maturacao;0.00;4.80;0.85;75.00;0.50;37.50;0.50;37.50
45100;Maturacao;0.00;4.70;0.85;75.00;0.50;37.50;0.50;37.50
45101;Maturacao;0.00;4.10;0.85;75.00;0.50;37.50;0.50;37.50
45102;Maturacao;0.00;4.30;0.85;75.00;0.50;37.50;0.50;37.50
45103;Maturacao;0.00;4.00;0.85;75.00;0.50;37.50;0.50;37.50
45104;Maturacao;0.00;4.00;0.85;75.00;0.50;37.50;0.50;37.50
45105;Maturacao;0.00;4.50;0.85;75.00;0.50;37.50;0.50;37.50
45106;Maturacao;0.00;5.00;0.85;75.00;0.50;37.50;0.50;37.50
45107;Maturacao;0.00;4.30;0.85;75.00;0.50;37.50;0.50;37.50
45426;Maturacao;0.00;5.70;0.85;75.00;0.50;37.50;0.50;37.50
45427;Maturacao;0.00;4.50;0.85;75.00;0.50;37.50;0.50;37.50
45428;Maturacao;0.00;4.80;0.85;75.00;0.50;37.50;0.50;37.50
45429;Maturacao;0.00;5.60;0.85;75.00;0.50;37.50;0.50;37.50
45430;Maturacao;0.00;5.70;0.85;75.00;0.50;37.50;0.50;37.50
45431;Maturacao;0.00;5.80;0.85;75.00;0.50;37.50;0.50;37.50
45433;Maturacao;0.00;5.40;0.85;75.00;0.50;37.50;0.50;37.50
45435;Maturacao;0.00;5.30;0.85;75.00;0.50;37.50;0.50;37.50
45436;Maturacao;0.00;5.10;0.85;75.00;0.50;37.50;0.50;37.50
45437;Maturacao;0.00;4.50;0.85;75.00;0.50;37.50;0.50;37.50
45438;Maturacao;0.00;3.40;0.85;75.00;0.50;37.50;0.50;37.50
45439;Maturacao;0.60;3.00;0.85;75.00;0.50;37.50;0.50;37.50
45440;Maturacao;0.20;3.90;0.85;75.00;0.50;37.50;0.50;37.50
45442;Maturacao;0.20;2.80;0.85;75.00;0.50;37.50;0.50;37.50
45443;Maturacao;0.00;5.10;0.85;75.00;0.50;37.50;0.50;37.50
45444;Maturacao;0.00;5.40;0.85;75.00;0.50;37.50;0.50;37.50
45445;Maturacao;0.00;5.30;0.85;75.00;0.50;37.50;0.50;37.50
45446;Maturacao;0.00;5.00;0.85;75.00;0.50;37.50;0.50;37.50
45447;Maturacao;0.00;5.10;0.85;75.00;0.50;37.50;0.50;37.50
45448;Maturacao;0.00;4.90;0.85;75.00;0.50;37.50;0.50;37.50
45449;Maturacao;0.00;5.10;0.85;75.00;0.50;37.50;0.50;37.50
45450;Maturacao;0.00;5.40;0.85;75.00;0.50;37.50;0.50;37.50
45451;Maturacao;0.00;5.20;0.85;75.00;0.50;37.50;0.50;37.50
45452;Maturacao;0.00;4.90;0.85;75.00;0.50;37.50;0.50;37.50
45453;Maturacao;0.00;5.10;0.85;75.00;0.50;37.50;0.50;37.50
45454;Maturacao;0.00;4.90;0.85;75.00;0.50;37.50;0.50;37.50
45455;Maturacao;0.00;5.30;0.85;75.00;0.50;37.50;0.50;37.50
45456;Maturacao;0.00;5.70;0.85;75.00;0.50;37.50;0.50;37.50
45457;Maturacao;0.00;6.10;0.85;75.00;0.50;37.50;0.50;37.50
45458;Maturacao;0.00;5.10;0.85;75.00;0.50;37.50;0.50;37.50
45459;Maturacao;0.00;5.40;0.85;75.00;0.50;37.50;0.50;37.50
45460;Maturacao;0.00;5.20;0.85;75.00;0.50;37.50;0.50;37.50
45461;Maturacao;0.00;5.00;0.85;75.00;0.50;37.50;0.50;37.50
45462;Maturacao;0.00;5.50;0.85;75.00;0.50;37.50;0.50;37.50
45463;Maturacao;0.00;6.30;0.85;75.00;0.50;37.50;0.50;37.50
45464;Maturacao;0.00;5.40;0.85;75.00;0.50;37.50;0.50;37.50
45465;Maturacao;0.00;6.00;0.85;75.00;0.50;37.50;0.50;37.50
45466;Maturacao;0.00;5.10;0.85;75.00;0.50;37.50;0.50;37.50
45467;Maturacao;0.00;5.00;0.85;75.00;0.50;37.50;0.50;37.50
45468;Maturacao;0.00;6.00;0.85;75.00;0.50;37.50;0.50;37.50
45469;Maturacao;0.00;5.40;0.85;75.00;0.50;37.50;0.50;37.50
45470;Maturacao;0.00;5.70;0.85;75.00;0.50;37.50;0.50;37.50
45471;Maturacao;0.00;5.20;0.85;75.00;0.50;37.50;0.50;37.50
45757;Maturacao;0.00;3.50;0.85;75.00;0.50;37.50;0.50;37.50
45758;Maturacao;0.00;3.70;0.85;75.00;0.50;37.50;0.50;37.50
45759;Maturacao;0.00;5.10;0.85;75.00;0.50;37.50;0.50;37.50
45760;Maturacao;3.80;4.90;0.85;75.00;0.50;37.50;0.50;37.50
45761;Maturacao;0.00;1.60;0.85;75.00;0.50;37.50;0.50;37.50
45762;Maturacao;7.40;4.20;0.85;75.00;0.50;37.50;0.50;37.50
45763;Maturacao;3.20;3.80;0.85;75.00;0.50;37.50;0.50;37.50
45764;Maturacao;0.00;1.40;0.85;75.00;0.50;37.50;0.50;37.50
45765;Maturacao;3.20;3.10;0.85;75.00;0.50;37.50;0.50;37.50
45766;Maturacao;0.00;1.10;0.85;75.00;0.50;37.50;0.50;37.50
45767;Maturacao;0.00;2.80;0.85;75.00;0.50;37.50;0.50;37.50
45768;Maturacao;0.00;4.00;0.85;75.00;0.50;37.50;0.50;37.50
45769;Maturacao;0.00;3.30;0.85;75.00;0.50;37.50;0.50;37.50
45770;Maturacao;3.60;4.10;0.85;75.00;0.50;37.50;0.50;37.50
45771;Maturacao;0.00;2.40;0.85;75.00;0.50;37.50;0.50;37.50
45772;Maturacao;17.80;2.60;0.85;75.00;0.50;37.50;0.50;37.50
45773;Maturacao;11.00;2.30;0.85;75.00;0.50;37.50;0.50;37.50
45774;Maturacao;0.40;2.10;0.85;75.00;0.50;37.50;0.50;37.50
45775;Maturacao;0.20;3.40;0.85;75.00;0.50;37.50;0.50;37.50
45776;Maturacao;0.00;2.30;0.85;75.00;0.50;37.50;0.50;37.50
45777;Maturacao;0.00;2.70;0.85;75.00;0.50;37.50;0.50;37.50
45778;Maturacao;0.00;3.90;0.85;75.00;0.50;37.50;0.50;37.50
45779;Maturacao;0.00;3.30;0.85;75.00;0.50;37.50;0.50;37.50
45780;Maturacao;0.00;4.60;0.85;75.00;0.50;37.50;0.50;37.50
45781;Maturacao;0.00;4.80;0.85;75.00;0.50;37.50;0.50;37.50
45782;Maturacao;0.00;4.30;0.85;75.00;0.50;37.50;0.50;37.50
45783;Maturacao;0.00;3.90;0.85;75.00;0.50;37.50;0.50;37.50
45784;Maturacao;0.00;3.90;0.85;75.00;0.50;37.50;0.50;37.50
45785;Maturacao;0.00;4.60;0.85;75.00;0.50;37.50;0.50;37.50
45786;Maturacao;0.00;4.70;0.85;75.00;0.50;37.50;0.50;37.50
45787;Maturacao;0.00;4.80;0.85;75.00;0.50;37.50;0.50;37.50
45788;Maturacao;0.00;4.20;0.85;75.00;0.50;37.50;0.50;37.50
45789;Maturacao;16.00;4.10;0.85;75.00;0.50;37.50;0.50;37.50
45790;Maturacao;0.00;3.60;0.85;75.00;0.50;37.50;0.50;37.50
45792;Maturacao;0.00;3.80;0.85;75.00;0.50;37.50;0.50;37.50
45793;Maturacao;0.00;3.80;0.85;75.00;0.50;37.50;0.50;37.50
45794;Maturacao;0.00;4.30;0.85;75.00;0.50;37.50;0.50;37.50
45795;Maturacao;0.00;4.40;0.85;75.00;0.50;37.50;0.50;37.50
45797;Maturacao;0.00;5.00;0.85;75.00;0.50;37.50;0.50;37.50
45798;Maturacao;0.00;4.50;0.85;75.00;0.50;37.50;0.50;37.50
45799;Maturacao;0.00;4.90;0.85;75.00;0.50;37.50;0.50;37.50
45800;Maturacao;0.00;4.80;0.85;75.00;0.50;37.50;0.50;37.50
45801;Maturacao;0.00;4.80;0.85;75.00;0.50;37.50;0.50;37.50
45802;Maturacao;0.00;4.80;0.85;75.00;0.50;37.50;0.50;37.50
45803;Maturacao;0.00;5.00;0.85;75.00;0.50;37.50;0.50;37.50
45804;Maturacao;0.00;4.10;0.85;75.00;0.50;37.50;0.50;37.50
45805;Maturacao;0.00;4.10;0.85;75.00;0.50;37.50;0.50;37.50
45806;Maturacao;1.60;3.60;0.85;75.00;0.50;37.50;0.50;37.50
45807;Maturacao;0.00;1.20;0.85;75.00;0.50;37.50;0.50;37.50
45808;Maturacao;0.00;2.50;0.85;75.00;0.50;37.50;0.50;37.50
45809;Maturacao;0.00;3.60;0.85;75.00;0.50;37.50;0.50;37.50
45810;Maturacao;0.00;4.40;0.85;75.00;0.50;37.50;0.50;37.50
45811;Maturacao;12.00;4.20;0.85;75.00;0.50;37.50;0.50;37.50
45812;Maturacao;8.60;2.40;0.85;75.00;0.50;37.50;0.50;37.50
45813;Maturacao;0.00;4.00;0.85;75.00;0.50;37.50;0.50;37.50
45814;Maturacao;0.00;3.70;0.85;75.00;0.50;37.50;0.50;37.50
45815;Maturacao;0.00;3.10;0.85;75.00;0.50;37.50;0.50;37.50
45817;Maturacao;6.00;4.20;0.85;75.00;0.50;37.50;0.50;37.50
45818;Maturacao;0.20;2.10;0.85;75.00;0.50;37.50;0.50;37.50
45819;Maturacao;0.20;2.20;0.85;75.00;0.50;37.50;0.50;37.50
45822;Maturacao;0.00;3.90;0.85;75.00;0.50;37.50;0.50;37.50
45823;Maturacao;0.00;3.60;0.85;75.00;0.50;37.50;0.50;37.50
45824;Maturacao;0.00;3.50;0.85;75.00;0.50;37.50;0.50;37.50
45825;Maturacao;0.00;4.00;0.85;75.00;0.50;37.50;0.50;37.50
45826;Maturacao;0.00;4.60;0.85;75.00;0.50;37.50;0.50;37.50
45827;Maturacao;0.00;4.40;0.85;75.00;0.50;37.50;0.50;37.50
45828;Maturacao;0.00;4.60;0.85;75.00;0.50;37.50;0.50;37.50
45829;Maturacao;0.00;4.50;0.85;75.00;0.50;37.50;0.50;37.50
45830;Maturacao;0.00;4.60;0.85;75.00;0.50;37.50;0.50;37.50
45831;Maturacao;0.80;5.30;0.85;75.00;0.50;37.50;0.50;37.50
45834;Maturacao;0.00;4.20;0.85;75.00;0.50;37.50;0.50;37.50
45835;Maturacao;0.00;5.10;0.85;75.00;0.50;37.50;0.50;37.50
45836;Maturacao;0.00;3.60;0.85;75.00;0.50;37.50;0.50;37.50
45837;Maturacao;0.00;5.20;0.85;75.00;0.50;37.50;0.50;37.50
45838;Maturacao;0.00;4.90;0.85;75.00;0.50;37.50;0.50;37.50
44743;Colheita;0.00;4.30;0.70;75.00;0.50;37.50;0.60;30.00
44744;Colheita;0.00;5.40;0.70;75.00;0.50;37.50;0.60;30.00
44745;Colheita;0.00;6.10;0.70;75.00;0.50;37.50;0.60;30.00
44746;Colheita;0.00;4.60;0.70;75.00;0.50;37.50;0.60;30.00
44747;Colheita;0.00;5.10;0.70;75.00;0.50;37.50;0.60;30.00
44748;Colheita;0.00;5.50;0.70;75.00;0.50;37.50;0.60;30.00
44749;Colheita;0.00;5.20;0.70;75.00;0.50;37.50;0.60;30.00
44750;Colheita;0.00;5.80;0.70;75.00;0.50;37.50;0.60;30.00
44751;Colheita;0.00;5.30;0.70;75.00;0.50;37.50;0.60;30.00
44752;Colheita;0.00;5.00;0.70;75.00;0.50;37.50;0.60;30.00
44753;Colheita;0.00;5.10;0.70;75.00;0.50;37.50;0.60;30.00
44754;Colheita;0.00;5.00;0.70;75.00;0.50;37.50;0.60;30.00
44755;Colheita;0.00;4.80;0.70;75.00;0.50;37.50;0.60;30.00
44756;Colheita;0.00;5.80;0.70;75.00;0.50;37.50;0.60;30.00
44757;Colheita;0.00;6.30;0.70;75.00;0.50;37.50;0.60;30.00
44758;Colheita;0.00;5.90;0.70;75.00;0.50;37.50;0.60;30.00
44759;Colheita;0.00;5.80;0.70;75.00;0.50;37.50;0.60;30.00
44760;Colheita;0.00;5.90;0.70;75.00;0.50;37.50;0.60;30.00
44761;Colheita;0.00;6.50;0.70;75.00;0.50;37.50;0.60;30.00
44762;Colheita;0.00;5.90;0.70;75.00;0.50;37.50;0.60;30.00
44763;Colheita;0.00;5.10;0.70;75.00;0.50;37.50;0.60;30.00
44764;Colheita;0.00;6.00;0.70;75.00;0.50;37.50;0.60;30.00
44765;Colheita;0.00;5.90;0.70;75.00;0.50;37.50;0.60;30.00
44766;Colheita;0.00;6.00;0.70;75.00;0.50;37.50;0.60;30.00
44767;Colheita;0.00;5.80;0.70;75.00;0.50;37.50;0.60;30.00
44768;Colheita;0.00;6.10;0.70;75.00;0.50;37.50;0.60;30.00
44769;Colheita;0.00;6.30;0.70;75.00;0.50;37.50;0.60;30.00
44770;Colheita;0.00;6.70;0.70;75.00;0.50;37.50;0.60;30.00
44771;Colheita;0.00;5.90;0.70;75.00;0.50;37.50;0.60;30.00
44772;Colheita;0.00;5.40;0.70;75.00;0.50;37.50;0.60;30.00
44773;Colheita;0.00;4.60;0.70;75.00;0.50;37.50;0.60;30.00
44774;Colheita;0.00;7.10;0.70;75.00;0.50;37.50;0.60;30.00
44775;Colheita;0.00;5.60;0.70;75.00;0.50;37.50;0.60;30.00
44776;Colheita;0.00;6.10;0.70;75.00;0.50;37.50;0.60;30.00
44777;Colheita;0.00;7.10;0.70;75.00;0.50;37.50;0.60;30.00
44778;Colheita;0.00;7.00;0.70;75.00;0.50;37.50;0.60;30.00
44779;Colheita;0.00;7.20;0.70;75.00;0.50;37.50;0.60;30.00
44780;Colheita;0.00;7.00;0.70;75.00;0.50;37.50;0.60;30.00
44781;Colheita;3.00;7.10;0.70;75.00;0.50;37.50;0.60;30.00
44782;Colheita;0.00;1.30;0.70;75.00;0.50;37.50;0.60;30.00
44783;Colheita;14.00;2.60;0.70;75.00;0.50;37.50;0.60;30.00
44785;Colheita;0.00;2.70;0.70;75.00;0.50;37.50;0.60;30.00
44786;Colheita;0.00;5.70;0.70;75.00;0.50;37.50;0.60;30.00
44787;Colheita;0.00;6.90;0.70;75.00;0.50;37.50;0.60;30.00
44788;Colheita;0.00;6.90;0.70;75.00;0.50;37.50;0.60;30.00
44789;Colheita;0.00;7.40;0.70;75.00;0.50;37.50;0.60;30.00
44790;Colheita;0.00;7.80;0.70;75.00;0.50;37.50;0.60;30.00
44791;Colheita;0.00;7.20;0.70;75.00;0.50;37.50;0.60;30.00
44792;Colheita;0.00;6.10;0.70;75.00;0.50;37.50;0.60;30.00
44793;Colheita;0.00;2.20;0.70;75.00;0.50;37.50;0.60;30.00
44794;Colheita;0.00;4.20;0.70;75.00;0.50;37.50;0.60;30.00
44795;Colheita;0.00;5.00;0.70;75.00;0.50;37.50;0.60;30.00
44796;Colheita;0.00;5.50;0.70;75.00;0.50;37.50;0.60;30.00
44797;Colheita;0.00;7.50;0.70;75.00;0.50;37.50;0.60;30.00
44798;Colheita;0.00;6.70;0.70;75.00;0.50;37.50;0.60;30.00
44799;Colheita;0.00;7.20;0.70;75.00;0.50;37.50;0.60;30.00
44800;Colheita;0.00;7.40;0.70;75.00;0.50;37.50;0.60;30.00
44801;Colheita;0.00;7.90;0.70;75.00;0.50;37.50;0.60;30.00
44802;Colheita;0.00;7.10;0.70;75.00;0.50;37.50;0.60;30.00
44803;Colheita;0.00;10.20;0.70;75.00;0.50;37.50;0.60;30.00
45108;Colheita;0.00;4.70;0.70;75.00;0.50;37.50;0.60;30.00
45109;Colheita;0.00;4.50;0.70;75.00;0.50;37.50;0.60;30.00
45110;Colheita;0.00;4.20;0.70;75.00;0.50;37.50;0.60;30.00
45111;Colheita;0.00;4.80;0.70;75.00;0.50;37.50;0.60;30.00
45112;Colheita;0.00;4.90;0.70;75.00;0.50;37.50;0.60;30.00
45113;Colheita;0.00;5.10;0.70;75.00;0.50;37.50;0.60;30.00
45114;Colheita;0.00;4.90;0.70;75.00;0.50;37.50;0.60;30.00
45115;Colheita;0.00;5.10;0.70;75.00;0.50;37.50;0.60;30.00
45116;Colheita;0.00;6.30;0.70;75.00;0.50;37.50;0.60;30.00
45117;Colheita;0.00;5.60;0.70;75.00;0.50;37.50;0.60;30.00
45118;Colheita;0.00;6.20;0.70;75.00;0.50;37.50;0.60;30.00
45119;Colheita;0.00;7.30;0.70;75.00;0.50;37.50;0.60;30.00
45120;Colheita;0.20;7.10;0.70;75.00;0.50;37.50;0.60;30.00
45121;Colheita;12.60;3.80;0.70;75.00;0.50;37.50;0.60;30.00
45123;Colheita;0.00;5.00;0.70;75.00;0.50;37.50;0.60;30.00
45124;Colheita;0.00;4.80;0.70;75.00;0.50;37.50;0.60;30.00
45125;Colheita;0.00;4.60;0.70;75.00;0.50;37.50;0.60;30.00
45126;Colheita;0.00;5.10;0.70;75.00;0.50;37.50;0.60;30.00
45127;Colheita;0.00;4.10;0.70;75.00;0.50;37.50;0.60;30.00
45128;Colheita;0.00;4.40;0.70;75.00;0.50;37.50;0.60;30.00
45129;Colheita;0.00;4.40;0.70;75.00;0.50;37.50;0.60;30.00
45130;Colheita;0.00;4.90;0.70;75.00;0.50;37.50;0.60;30.00
45131;Colheita;0.00;5.80;0.70;75.00;0.50;37.50;0.60;30.00
45132;Colheita;0.00;4.80;0.70;75.00;0.50;37.50;0.60;30.00
45133;Colheita;0.00;4.80;0.70;75.00;0.50;37.50;0.60;30.00
45134;Colheita;0.00;6.20;0.70;75.00;0.50;37.50;0.60;30.00
45135;Colheita;0.00;6.60;0.70;75.00;0.50;37.50;0.60;30.00
45136;Colheita;0.00;5.70;0.70;75.00;0.50;37.50;0.60;30.00
45137;Colheita;0.00;4.30;0.70;75.00;0.50;37.50;0.60;30.00
45138;Colheita;0.00;4.60;0.70;75.00;0.50;37.50;0.60;30.00
45139;Colheita;0.00;5.20;0.70;75.00;0.50;37.50;0.60;30.00
45140;Colheita;0.00;5.50;0.70;75.00;0.50;37.50;0.60;30.00
45141;Colheita;0.00;6.60;0.70;75.00;0.50;37.50;0.60;30.00
45142;Colheita;0.00;6.00;0.70;75.00;0.50;37.50;0.60;30.00
45143;Colheita;0.00;7.10;0.70;75.00;0.50;37.50;0.60;30.00
45144;Colheita;0.00;7.00;0.70;75.00;0.50;37.50;0.60;30.00
45145;Colheita;0.00;7.90;0.70;75.00;0.50;37.50;0.60;30.00
45146;Colheita;0.00;8.20;0.70;75.00;0.50;37.50;0.60;30.00
45147;Colheita;0.00;6.30;0.70;75.00;0.50;37.50;0.60;30.00
45148;Colheita;0.00;6.40;0.70;75.00;0.50;37.50;0.60;30.00
45149;Colheita;0.00;7.40;0.70;75.00;0.50;37.50;0.60;30.00
45150;Colheita;0.00;7.60;0.70;75.00;0.50;37.50;0.60;30.00
45151;Colheita;1.00;7.90;0.70;75.00;0.50;37.50;0.60;30.00
45152;Colheita;0.00;5.20;0.70;75.00;0.50;37.50;0.60;30.00
45153;Colheita;0.40;4.60;0.70;75.00;0.50;37.50;0.60;30.00
45154;Colheita;0.00;4.80;0.70;75.00;0.50;37.50;0.60;30.00
45155;Colheita;0.00;5.40;0.70;75.00;0.50;37.50;0.60;30.00
45156;Colheita;0.00;6.20;0.70;75.00;0.50;37.50;0.60;30.00
45157;Colheita;0.00;5.90;0.70;75.00;0.50;37.50;0.60;30.00
45158;Colheita;4.20;4.90;0.70;75.00;0.50;37.50;0.60;30.00
45159;Colheita;0.00;2.10;0.70;75.00;0.50;37.50;0.60;30.00
45160;Colheita;0.00;4.90;0.70;75.00;0.50;37.50;0.60;30.00
45161;Colheita;0.00;6.80;0.70;75.00;0.50;37.50;0.60;30.00
45162;Colheita;0.00;9.50;0.70;75.00;0.50;37.50;0.60;30.00
45163;Colheita;0.00;8.40;0.70;75.00;0.50;37.50;0.60;30.00
45164;Colheita;0.00;5.10;0.70;75.00;0.50;37.50;0.60;30.00
45165;Colheita;4.80;4.40;0.70;75.00;0.50;37.50;0.60;30.00
45166;Colheita;0.00;2.00;0.70;75.00;0.50;37.50;0.60;30.00
45167;Colheita;4.60;2.10;0.70;75.00;0.50;37.50;0.60;30.00
45168;Colheita;0.20;0.90;0.70;75.00;0.50;37.50;0.60;30.00
45169;Colheita;2.40;4.20;0.70;75.00;0.50;37.50;0.60;30.00
45839;Colheita;0.00;4.40;0.70;75.00;0.50;37.50;0.60;30.00
45840;Colheita;0.00;3.80;0.70;75.00;0.50;37.50;0.60;30.00
45841;Colheita;0.00;4.70;0.70;75.00;0.50;37.50;0.60;30.00
45843;Colheita;0.00;3.00;0.70;75.00;0.50;37.50;0.60;30.00
45844;Colheita;0.00;4.10;0.70;75.00;0.50;37.50;0.60;30.00
45845;Colheita;0.00;4.30;0.70;75.00;0.50;37.50;0.60;30.00
45846;Colheita;0.00;4.80;0.70;75.00;0.50;37.50;0.60;30.00
45847;Colheita;0.00;4.00;0.70;75.00;0.50;37.50;0.60;30.00
45848;Colheita;0.00;4.40;0.70;75.00;0.50;37.50;0.60;30.00
45849;Colheita;0.00;4.10;0.70;75.00;0.50;37.50;0.60;30.00
45850;Colheita;0.00;3.60;0.70;75.00;0.50;37.50;0.60;30.00
45851;Colheita;0.00;3.20;0.70;75.00;0.50;37.50;0.60;30.00
45853;Colheita;0.00;4.80;0.70;75.00;0.50;37.50;0.60;30.00
45854;Colheita;0.00;4.70;0.70;75.00;0.50;37.50;0.60;30.00
45855;Colheita;0.00;5.40;0.70;75.00;0.50;37.50;0.60;30.00
45856;Colheita;0.00;5.60;0.70;75.00;0.50;37.50;0.60;30.00
45857;Colheita;0.00;4.70;0.70;75.00;0.50;37.50;0.60;30.00
45858;Colheita;0.00;4.80;0.70;75.00;0.50;37.50;0.60;30.00
45859;Colheita;0.00;5.20;0.70;75.00;0.50;37.50;0.60;30.00
45860;Colheita;0.00;5.30;0.70;75.00;0.50;37.50;0.60;30.00
45861;Colheita;0.00;5.00;0.70;75.00;0.50;37.50;0.60;30.00
45862;Colheita;0.00;5.60;0.70;75.00;0.50;37.50;0.60;30.00
45863;Colheita;0.00;5.60;0.70;75.00;0.50;37.50;0.60;30.00
45864;Colheita;0.00;5.70;0.70;75.00;0.50;37.50;0.60;30.00
45865;Colheita;0.00;5.10;0.70;75.00;0.50;37.50;0.60;30.00
45866;Colheita;4.60;6.80;0.70;75.00;0.50;37.50;0.60;30.00
45867;Colheita;0.00;3.70;0.70;75.00;0.50;37.50;0.60;30.00
45870;Colheita;0.00;6.50;0.70;75.00;0.50;37.50;0.60;30.00
45871;Colheita;0.00;6.10;0.70;75.00;0.50;37.50;0.60;30.00
45872;Colheita;0.00;6.30;0.70;75.00;0.50;37.50;0.60;30.00
45873;Colheita;0.00;7.00;0.70;75.00;0.50;37.50;0.60;30.00
45874;Colheita;0.00;5.90;0.70;75.00;0.50;37.50;0.60;30.00
45875;Colheita;0.00;3.90;0.70;75.00;0.50;37.50;0.60;30.00
45876;Colheita;0.00;4.70;0.70;75.00;0.50;37.50;0.60;30.00
45877;Colheita;0.00;6.00;0.70;75.00;0.50;37.50;0.60;30.00
45878;Colheita;0.00;4.50;0.70;75.00;0.50;37.50;0.60;30.00